feature,coef,odds_ratio
overtime_Yes,1.216,3.374
job_role_Software Engineer,0.437,1.548
job_satisfaction,-0.416,0.66
monthly_income,-0.383,0.682
job_role_Data Analyst,-0.348,0.706
work_life_balance,-0.335,0.715
years_at_company,-0.278,0.758
job_role_Business Development,-0.277,0.758
department_HR,-0.276,0.759
department_Operations,-0.262,0.769
education_PhD,0.239,1.27
distance_from_home_km,0.234,1.263
gender_Male,-0.186,0.831
job_role_HR Executive,-0.149,0.862
job_role_Sales Executive,0.139,1.149
job_role_Supply Chain Analyst,-0.135,0.874
job_role_Operations Associate,-0.127,0.881
job_role_Recruiter,-0.127,0.881
department_Sales,-0.095,0.909
job_role_Financial Analyst,-0.093,0.911
education_Diploma,0.092,1.097
num_companies_worked,0.066,1.068
job_role_QA Engineer,-0.059,0.943
job_role_Sales Manager,0.044,1.045
education_Masters,-0.037,0.964
job_role_DevOps Engineer,-0.027,0.973
years_since_last_promotion,-0.027,0.973
performance_rating,-0.024,0.976
age,-0.013,0.988
department_Technology,0.002,1.002
