cohort_month,cohort_size,months_since,active_customers,retention_pct
2023-01,124,0,124,100.0
2023-01,124,1,47,37.9
2023-01,124,2,36,29.0
2023-01,124,3,50,40.3
2023-01,124,4,48,38.7
2023-01,124,5,53,42.7
2023-01,124,6,47,37.9
2023-02,74,0,74,100.0
2023-02,74,1,19,25.7
2023-02,74,2,24,32.4
2023-02,74,3,27,36.5
2023-02,74,4,26,35.1
2023-02,74,5,27,36.5
2023-02,74,6,26,35.1
2023-03,75,0,75,100.0
2023-03,75,1,31,41.3
2023-03,75,2,24,32.0
2023-03,75,3,22,29.3
2023-03,75,4,23,30.7
2023-03,75,5,33,44.0
2023-03,75,6,28,37.3
2023-04,71,0,71,100.0
2023-04,71,1,18,25.4
2023-04,71,2,22,31.0
2023-04,71,3,19,26.8
2023-04,71,4,20,28.2
2023-04,71,5,19,26.8
2023-04,71,6,31,43.7
2023-05,59,0,59,100.0
2023-05,59,1,9,15.3
2023-05,59,2,10,16.9
2023-05,59,3,14,23.7
2023-05,59,4,12,20.3
2023-05,59,5,24,40.7
2023-05,59,6,20,33.9
2023-06,57,0,57,100.0
2023-06,57,1,11,19.3
2023-06,57,2,16,28.1
2023-06,57,3,11,19.3
2023-06,57,4,23,40.4
2023-06,57,5,20,35.1
2023-06,57,6,18,31.6
2023-07,65,0,65,100.0
2023-07,65,1,21,32.3
2023-07,65,2,14,21.5
2023-07,65,3,17,26.2
2023-07,65,4,28,43.1
2023-07,65,5,19,29.2
2023-07,65,6,14,21.5
2023-08,62,0,62,100.0
2023-08,62,1,15,24.2
2023-08,62,2,17,27.4
2023-08,62,3,23,37.1
2023-08,62,4,16,25.8
2023-08,62,5,15,24.2
2023-08,62,6,9,14.5
2023-09,60,0,60,100.0
2023-09,60,1,15,25.0
2023-09,60,2,22,36.7
2023-09,60,3,18,30.0
2023-09,60,4,13,21.7
2023-09,60,5,10,16.7
2023-09,60,6,12,20.0
2023-10,73,0,73,100.0
2023-10,73,1,18,24.7
2023-10,73,2,25,34.2
2023-10,73,3,12,16.4
2023-10,73,4,10,13.7
2023-10,73,5,17,23.3
2023-10,73,6,15,20.5
2023-11,59,0,59,100.0
2023-11,59,1,14,23.7
2023-11,59,2,8,13.6
2023-11,59,3,15,25.4
2023-11,59,4,5,8.5
2023-11,59,5,9,15.3
2023-11,59,6,10,16.9
2023-12,61,0,61,100.0
2023-12,61,1,8,13.1
2023-12,61,2,14,23.0
2023-12,61,3,10,16.4
2023-12,61,4,14,23.0
2023-12,61,5,19,31.1
2023-12,61,6,16,26.2
2024-01,38,0,38,100.0
2024-01,38,1,8,21.1
2024-01,38,2,7,18.4
2024-01,38,3,3,7.9
2024-01,38,4,8,21.1
2024-01,38,5,6,15.8
2024-01,38,6,8,21.1
2024-02,46,0,46,100.0
2024-02,46,1,7,15.2
2024-02,46,2,11,23.9
2024-02,46,3,13,28.3
2024-02,46,4,13,28.3
2024-02,46,5,8,17.4
2024-02,46,6,14,30.4
2024-03,51,0,51,100.0
2024-03,51,1,13,25.5
2024-03,51,2,12,23.5
2024-03,51,3,8,15.7
2024-03,51,4,12,23.5
2024-03,51,5,9,17.6
2024-03,51,6,10,19.6
2024-04,51,0,51,100.0
2024-04,51,1,10,19.6
2024-04,51,2,11,21.6
2024-04,51,3,8,15.7
2024-04,51,4,13,25.5
2024-04,51,5,11,21.6
2024-04,51,6,14,27.5
2024-05,34,0,34,100.0
2024-05,34,1,9,26.5
2024-05,34,2,10,29.4
2024-05,34,3,5,14.7
2024-05,34,4,11,32.4
2024-05,34,5,14,41.2
2024-05,34,6,14,41.2
2024-06,26,0,26,100.0
2024-06,26,1,5,19.2
2024-06,26,2,4,15.4
2024-06,26,3,5,19.2
2024-06,26,4,9,34.6
2024-06,26,5,8,30.8
2024-06,26,6,6,23.1
2024-07,17,0,17,100.0
2024-07,17,1,1,5.9
2024-07,17,2,2,11.8
2024-07,17,3,3,17.6
2024-07,17,4,1,5.9
2024-07,17,5,1,5.9
2024-08,14,0,14,100.0
2024-08,14,1,1,7.1
2024-08,14,2,2,14.3
2024-08,14,3,1,7.1
2024-08,14,4,1,7.1
2024-09,12,0,12,100.0
2024-09,12,1,3,25.0
2024-09,12,3,2,16.7
2024-10,18,0,18,100.0
2024-10,18,1,1,5.6
2024-10,18,2,1,5.6
2024-11,17,0,17,100.0
2024-11,17,1,3,17.6
2024-12,7,0,7,100.0
