customer_id,recency_days,frequency,monetary,r_score,f_score,m_score,segment
C00921,717,1,2619.0,1,1,1,Lost
C00838,711,1,279.0,1,1,1,Lost
C01199,709,1,21613.0,1,1,1,Lost
C00892,699,1,1805.0,1,1,1,Lost
C00204,681,1,2070.0,1,1,1,Lost
C00384,676,1,67410.0,1,1,2,Lost
C00145,672,1,22950.0,1,1,1,Lost
C00457,658,2,17391.0,1,1,1,Lost
C00326,620,1,304.0,1,1,1,Lost
C00963,620,2,34780.0,1,1,1,Lost
C00443,611,1,20739.0,1,1,1,Lost
C00814,604,1,3950.0,1,1,1,Lost
C00668,600,1,103780.0,1,1,2,Lost
C00839,591,1,207.0,1,1,1,Lost
C00820,586,1,77370.0,1,1,2,Lost
C00588,580,1,28890.0,1,1,1,Lost
C00303,574,1,75687.0,1,1,2,Lost
C00844,574,2,14918.0,1,1,1,Lost
C01065,564,1,176.0,1,1,1,Lost
C01373,561,1,33535.0,1,1,1,Lost
C00707,560,1,3026.0,1,1,1,Lost
C00947,560,2,13254.0,1,1,1,Lost
C01411,552,1,5700.0,1,1,1,Lost
C00370,552,1,61410.0,1,1,2,Lost
C01002,551,1,4032.0,1,1,1,Lost
C01094,550,2,112017.0,1,1,2,Lost
C00816,545,1,2594.0,1,1,1,Lost
C01226,543,1,8775.0,1,1,1,Lost
C00475,541,2,7018.0,1,1,1,Lost
C00461,540,1,1967.0,1,1,1,Lost
C00516,537,1,14790.0,1,1,1,Lost
C00257,535,1,5650.0,1,1,1,Lost
C00575,534,1,5850.0,1,1,1,Lost
C00166,503,1,8393.0,1,1,1,Lost
C00241,498,1,11909.0,1,1,1,Lost
C01327,488,1,2385.0,1,1,1,Lost
C00853,487,1,89811.0,1,1,2,Lost
C00539,487,2,36334.0,1,1,1,Lost
C00279,485,2,1364.0,1,1,1,Lost
C00043,480,1,2070.0,1,1,1,Lost
C01374,480,2,9662.0,1,1,1,Lost
C01136,478,3,27590.0,1,2,1,Lost
C01159,469,1,1131.0,1,1,1,Lost
C00253,469,2,31915.0,1,1,1,Lost
C00990,462,1,46840.0,1,1,1,Lost
C01467,462,2,55463.0,1,1,2,Lost
C00714,461,1,6507.0,1,1,1,Lost
C00835,461,1,14130.0,1,1,1,Lost
C00283,458,1,80610.0,1,1,2,Lost
C00927,455,2,64705.0,1,1,2,Lost
C01247,454,1,18540.0,1,1,1,Lost
C01121,451,1,26090.0,1,1,1,Lost
C00728,451,2,238114.0,1,1,3,Lost
C00712,450,1,81855.0,1,1,2,Lost
C01392,445,1,83980.0,1,1,2,Lost
C00870,444,1,430.0,1,1,1,Lost
C00596,441,3,77589.0,1,2,2,Lost
C01397,436,1,1199.0,1,1,1,Lost
C01420,436,1,96408.0,1,1,2,Lost
C00066,436,3,47298.0,1,2,1,Lost
C00351,435,1,1730.0,1,1,1,Lost
C01360,435,2,32904.0,1,1,1,Lost
C00022,434,1,10370.0,1,1,1,Lost
C00297,434,3,41974.0,1,2,1,Lost
C00634,433,1,32660.0,1,1,1,Lost
C00683,429,1,1384.0,1,1,1,Lost
C00054,428,1,1520.0,1,1,1,Lost
C01166,427,1,19575.0,1,1,1,Lost
C00794,425,1,28260.0,1,1,1,Lost
C00995,423,1,209.0,1,1,1,Lost
C00089,423,1,9090.0,1,1,1,Lost
C00884,419,1,243150.0,1,1,3,Lost
C01424,414,1,153.0,1,1,1,Lost
C00669,414,3,81375.0,1,2,2,Lost
C00580,410,1,28776.0,1,1,1,Lost
C00803,409,1,94320.0,1,1,2,Lost
C01014,409,2,26040.0,1,1,1,Lost
C01061,409,3,25216.0,1,2,1,Lost
C00076,407,4,181743.0,1,2,3,Lost
C01211,401,1,11739.0,1,1,1,Lost
C00925,401,3,55772.0,1,2,2,Lost
C00439,399,1,8275.0,1,1,1,Lost
C00282,398,1,13547.0,1,1,1,Lost
C01253,398,1,16872.0,1,1,1,Lost
C00309,397,2,195708.0,1,1,3,Lost
C00460,396,1,3610.0,1,1,1,Lost
C00547,394,6,41108.0,1,2,1,Lost
C00040,393,1,14812.0,1,1,1,Lost
C00317,392,1,100.0,1,1,1,Lost
C00847,391,2,313593.0,1,1,3,Lost
C01245,390,2,64942.0,1,1,2,Lost
C00422,389,5,47590.0,1,2,1,Lost
C00924,386,1,9112.0,1,1,1,Lost
C00739,386,1,42820.0,1,1,1,Lost
C01017,384,2,56716.0,1,1,2,Lost
C00646,381,1,4122.0,1,1,1,Lost
C01161,379,5,361355.0,1,2,3,Lost
C00179,374,1,41534.0,1,1,1,Lost
C01328,373,1,221198.0,1,1,3,Lost
C01487,372,1,2296.0,1,1,1,Lost
C00412,372,2,76162.0,1,1,2,Lost
C00725,367,3,237570.0,1,2,3,Lost
C01132,366,1,15200.0,1,1,1,Lost
C00903,365,2,204514.0,1,1,3,Lost
C00812,365,5,88782.0,1,2,2,Lost
C01220,363,2,126400.0,1,1,2,Lost
C01027,361,2,88775.0,1,1,2,Lost
C01286,359,1,1080.0,1,1,1,Lost
C00552,359,2,45134.0,1,1,1,Lost
C00015,354,2,15162.0,1,1,1,Lost
C00290,352,1,131291.0,1,1,2,Lost
C00403,351,1,17550.0,1,1,1,Lost
C01384,351,4,174567.0,1,2,3,Lost
C01481,339,1,33120.0,1,1,1,Lost
C00274,338,2,31613.0,1,1,1,Lost
C00117,337,1,231.0,1,1,1,Lost
C01035,333,1,5624.0,1,1,1,Lost
C00840,331,1,12810.0,1,1,1,Lost
C01366,331,1,28890.0,1,1,1,Lost
C00177,330,1,450.0,1,1,1,Lost
C00801,330,4,195399.0,1,2,3,Lost
C00315,329,2,34531.0,1,1,1,Lost
C00153,327,1,1290.0,1,1,1,Lost
C01486,326,1,3393.0,1,1,1,Lost
C00445,326,3,5926.0,1,2,1,Lost
C01248,324,5,228531.0,1,2,3,Lost
C01134,322,2,828.0,1,1,1,Lost
C01250,320,5,304231.0,1,2,3,Lost
C01244,314,2,91080.0,1,1,2,Lost
C00048,313,6,586778.0,1,3,4,At Risk
C01078,311,4,213871.0,1,2,3,Lost
C00638,308,1,330.0,1,1,1,Lost
C00781,305,1,19449.0,1,1,1,Lost
C00498,305,3,67411.0,1,2,2,Lost
C00631,304,5,78220.0,1,2,2,Lost
C01214,302,4,40427.0,1,2,1,Lost
C00128,302,4,64310.0,1,2,2,Lost
C00869,301,3,24460.0,1,2,1,Lost
C00024,296,4,191841.0,1,2,3,Lost
C00742,293,1,209.0,1,1,1,Lost
C00456,293,2,212320.0,1,1,3,Lost
C01461,288,1,8477.0,1,1,1,Lost
C01431,288,8,80112.0,1,3,2,At Risk
C00769,287,1,3468.0,1,1,1,Lost
C00476,286,2,13994.0,1,1,1,Lost
C00429,286,2,27570.0,1,1,1,Lost
C00666,286,5,108633.0,1,2,2,Lost
C01000,285,1,11040.0,1,1,1,Lost
C00967,283,1,5004.0,1,1,1,Lost
C01393,282,3,75814.0,1,2,2,Lost
C00856,281,1,4722.0,1,1,1,Lost
C00872,279,7,176406.0,1,3,3,At Risk
C00529,277,2,13813.0,1,1,1,Lost
C01098,277,3,47482.0,1,2,1,Lost
C01408,275,1,721.0,1,1,1,Lost
C00756,273,2,10452.0,1,1,1,Lost
C01356,273,3,24066.0,1,2,1,Lost
C01258,271,5,274912.0,1,2,3,Lost
C00180,269,3,36704.0,1,2,1,Lost
C00116,268,11,393392.0,1,3,3,At Risk
C01305,267,1,5020.0,1,1,1,Lost
C01224,266,3,54075.0,1,2,2,Lost
C00084,265,1,105.0,1,1,1,Lost
C00698,265,3,191461.0,1,2,3,Lost
C00003,264,3,155031.0,1,2,2,Lost
C00479,264,14,423480.0,1,4,4,At Risk
C00792,262,1,94.0,1,1,1,Lost
C00981,262,1,420.0,1,1,1,Lost
C00160,262,3,22544.0,1,2,1,Lost
C00163,261,1,11310.0,1,1,1,Lost
C00750,261,3,40281.0,1,2,1,Lost
C00532,259,1,924.0,1,1,1,Lost
C01073,259,2,154236.0,1,1,2,Lost
C00744,259,5,419245.0,1,2,4,Lost
C00229,255,1,97929.0,1,1,2,Lost
C01419,253,2,3356.0,1,1,1,Lost
C00541,252,1,437.0,1,1,1,Lost
C00201,252,2,78033.0,1,1,2,Lost
C01177,252,4,5369.0,1,2,1,Lost
C00448,252,5,127655.0,1,2,2,Lost
C01372,250,4,68714.0,1,2,2,Lost
C01127,248,3,142437.0,1,2,2,Lost
C01172,248,4,190795.0,1,2,3,Lost
C00013,247,2,28985.0,1,1,1,Lost
C00320,247,2,310455.0,1,1,3,Lost
C00082,244,2,84507.0,1,1,2,Lost
C00108,243,2,40620.0,1,1,1,Lost
C00106,242,3,26219.0,1,2,1,Lost
C01368,242,4,131116.0,1,2,2,Lost
C01249,242,4,219262.0,1,2,3,Lost
C00964,241,5,262615.0,1,2,3,Lost
C01016,240,2,55281.0,1,1,2,Lost
C01103,240,3,7544.0,1,2,1,Lost
C01036,240,9,192708.0,1,3,3,At Risk
C00202,239,1,16074.0,1,1,1,Lost
C01449,239,3,123879.0,1,2,2,Lost
C00409,239,4,133452.0,1,2,2,Lost
C00648,238,3,23262.0,1,2,1,Lost
C00764,237,4,102277.0,1,2,2,Lost
C01188,236,3,66928.0,1,2,2,Lost
C01186,233,1,39952.0,1,1,1,Lost
C01483,233,5,132200.0,1,2,2,Lost
C01316,232,1,4225.0,1,1,1,Lost
C01071,230,5,145754.0,1,2,2,Lost
C00207,229,3,33467.0,1,2,1,Lost
C00191,229,4,23637.0,1,2,1,Lost
C00243,229,6,255695.0,1,3,3,At Risk
C01352,228,2,8268.0,1,1,1,Lost
C01406,228,2,38132.0,1,1,1,Lost
C00156,228,5,28052.0,1,2,1,Lost
C01342,227,4,37963.0,1,2,1,Lost
C00254,226,3,135610.0,1,2,2,Lost
C00663,225,4,107235.0,1,2,2,Lost
C00484,224,2,58653.0,1,1,2,Lost
C01337,224,3,21338.0,1,2,1,Lost
C00194,222,3,112801.0,1,2,2,Lost
C00578,220,2,6000.0,1,1,1,Lost
C00786,220,3,78791.0,1,2,2,Lost
C00327,218,9,340991.0,1,3,3,At Risk
C00731,218,9,443485.0,1,3,4,At Risk
C00732,217,2,161460.0,1,1,2,Lost
C00971,214,2,284985.0,1,1,3,Lost
C01370,213,2,63685.0,1,1,2,Lost
C00994,213,3,48782.0,1,2,1,Lost
C01104,212,5,45340.0,1,2,1,Lost
C00565,211,3,241748.0,1,2,3,Lost
C01207,208,3,135706.0,1,2,2,Lost
C01488,207,2,36610.0,1,1,1,Lost
C00702,206,3,44950.0,1,2,1,Lost
C00146,204,2,5092.0,1,1,1,Lost
C01340,203,1,30077.0,1,1,1,Lost
C00537,203,2,61966.0,1,1,2,Lost
C00118,203,4,244175.0,1,2,3,Lost
C00028,202,1,6240.0,1,1,1,Lost
C01187,201,2,16250.0,1,1,1,Lost
C00332,199,1,2896.0,1,1,1,Lost
C00641,199,6,181340.0,1,3,3,At Risk
C01143,198,1,9920.0,1,1,1,Lost
C01350,198,7,145060.0,1,3,2,At Risk
C00129,197,1,2510.0,1,1,1,Lost
C01228,196,7,212860.0,1,3,3,At Risk
C01460,195,6,127393.0,1,3,2,At Risk
C00226,194,5,145023.0,1,2,2,Lost
C00299,194,6,172064.0,1,3,3,At Risk
C00743,193,3,64521.0,1,2,2,Lost
C00695,192,1,50482.0,1,1,2,Lost
C00519,192,2,94162.0,1,1,2,Lost
C01168,188,9,209521.0,1,3,3,At Risk
C00822,187,7,125022.0,1,3,2,At Risk
C00939,185,4,90994.0,1,2,2,Lost
C00943,184,3,810.0,1,1,1,Lost
C01142,183,1,54420.0,1,1,2,Lost
C01056,182,3,182707.0,1,2,3,Lost
C00455,181,2,134613.0,1,1,2,Lost
C00999,181,4,301355.0,1,2,3,Lost
C01113,179,1,5615.0,1,1,1,Lost
C00824,179,3,280162.0,1,2,3,Lost
C01135,179,6,267826.0,1,3,3,At Risk
C01196,179,7,70616.0,1,3,2,At Risk
C00030,178,6,112292.0,1,3,2,At Risk
C00719,177,1,5650.0,1,1,1,Lost
C00031,177,2,119520.0,1,1,2,Lost
C00777,176,4,199021.0,1,2,3,Lost
C00495,175,2,43991.0,1,1,1,Lost
C00490,175,4,99376.0,1,2,2,Lost
C01234,174,5,48260.0,1,2,1,Lost
C01198,173,2,52596.0,1,1,2,Lost
C00686,173,6,351856.0,1,3,3,At Risk
C00277,171,1,350.0,1,1,1,Lost
C00618,171,1,114770.0,1,1,2,Lost
C00382,170,3,141906.0,1,2,2,Lost
C00176,170,4,74387.0,1,2,2,Lost
C00348,170,4,389883.0,1,2,3,Lost
C00436,170,7,573063.0,1,3,4,At Risk
C00692,169,2,12527.0,1,1,1,Lost
C00583,167,2,209035.0,1,1,3,Lost
C00782,166,1,18736.0,1,1,1,Lost
C00855,165,1,70360.0,1,1,2,Lost
C01089,165,20,484350.0,1,4,4,At Risk
C00935,164,6,245215.0,1,3,3,At Risk
C00811,163,1,125170.0,1,1,2,Lost
C00072,163,4,97998.0,1,2,2,Lost
C01123,162,16,490173.0,1,4,4,At Risk
C00911,161,1,99459.0,1,1,2,Lost
C01051,161,7,631772.0,1,3,4,At Risk
C00810,158,4,20394.0,1,2,1,Lost
C00886,157,2,102411.0,1,1,2,Lost
C01046,156,2,83052.0,1,1,2,Lost
C00373,156,3,91341.0,1,2,2,Lost
C00621,156,5,92342.0,1,2,2,Lost
C01031,155,1,8610.0,1,1,1,Lost
C01074,155,1,13069.0,1,1,1,Lost
C00525,155,2,6916.0,1,1,1,Lost
C00019,154,3,116591.0,2,2,2,Needs Attention
C01361,153,4,47452.0,2,2,1,Needs Attention
C00045,152,1,123548.0,2,1,2,Needs Attention
C01277,151,3,43782.0,2,2,1,Needs Attention
C01364,151,3,121457.0,2,2,2,Needs Attention
C01389,151,7,36710.0,2,3,1,At Risk
C00119,150,1,10710.0,2,1,1,Needs Attention
C01213,150,6,305603.0,2,3,3,At Risk
C01222,149,1,71930.0,2,1,2,Needs Attention
C01417,149,3,5375.0,2,1,1,Needs Attention
C00362,148,1,26730.0,2,1,1,Needs Attention
C00549,148,2,86557.0,2,1,2,Needs Attention
C00962,148,4,96394.0,2,2,2,Needs Attention
C00902,147,3,11293.0,2,2,1,Needs Attention
C00300,147,11,583662.0,2,3,4,At Risk
C01088,146,2,13658.0,2,1,1,Needs Attention
C00997,146,3,144106.0,2,2,2,Needs Attention
C00858,145,3,23907.0,2,2,1,Needs Attention
C00184,144,2,10225.0,2,1,1,Needs Attention
C00174,144,3,36937.0,2,2,1,Needs Attention
C01216,143,3,228713.0,2,2,3,Needs Attention
C00613,142,3,60190.0,2,2,2,Needs Attention
C00385,142,7,228826.0,2,3,3,At Risk
C01331,141,4,11396.0,2,2,1,Needs Attention
C00307,141,7,86827.0,2,3,2,At Risk
C00093,141,18,460670.0,2,4,4,At Risk
C00757,140,6,26291.0,2,2,1,Needs Attention
C00650,139,3,7455.0,2,2,1,Needs Attention
C01380,139,3,17450.0,2,2,1,Needs Attention
C01105,139,6,284123.0,2,3,3,At Risk
C01480,138,2,201777.0,2,1,3,Needs Attention
C01348,137,3,124641.0,2,2,2,Needs Attention
C00266,137,6,25006.0,2,2,1,Needs Attention
C00196,137,13,272113.0,2,4,3,At Risk
C01268,136,6,142390.0,2,3,2,At Risk
C01004,135,1,61784.0,2,1,2,Needs Attention
C01329,135,3,33174.0,2,2,1,Needs Attention
C00760,135,6,221783.0,2,3,3,At Risk
C01133,133,1,46351.0,2,1,1,Needs Attention
C00551,132,1,9386.0,2,1,1,Needs Attention
C01322,132,4,294318.0,2,2,3,Needs Attention
C00070,131,5,263564.0,2,2,3,Needs Attention
C01343,130,5,252969.0,2,2,3,Needs Attention
C00708,129,2,7891.0,2,1,1,Needs Attention
C00325,129,2,79344.0,2,1,2,Needs Attention
C00214,128,1,16672.0,2,1,1,Needs Attention
C01242,126,5,50065.0,2,2,2,Needs Attention
C01052,126,9,105720.0,2,3,2,At Risk
C01339,126,10,51425.0,2,3,2,At Risk
C00741,125,1,50751.0,2,1,2,Needs Attention
C01009,125,6,35207.0,2,2,1,Needs Attention
C00829,125,19,456275.0,2,4,4,At Risk
C00542,124,1,25755.0,2,1,1,Needs Attention
C00069,122,2,71122.0,2,1,2,Needs Attention
C00470,122,3,51876.0,2,2,2,Needs Attention
C01018,122,9,512610.0,2,3,4,At Risk
C00642,120,1,2800.0,2,1,1,Needs Attention
C01246,120,14,91685.0,2,4,2,At Risk
C00293,119,4,140762.0,2,2,2,Needs Attention
C01092,118,14,780257.0,2,4,4,At Risk
C01125,117,9,105319.0,2,3,2,At Risk
C00338,117,9,350412.0,2,3,3,At Risk
C00629,116,1,8310.0,2,1,1,Needs Attention
C00882,116,3,4326.0,2,1,1,Needs Attention
C01107,116,4,238168.0,2,2,3,Needs Attention
C00533,115,1,67.0,2,1,1,Needs Attention
C01308,114,3,140717.0,2,2,2,Needs Attention
C00713,114,6,30172.0,2,2,1,Needs Attention
C00136,113,2,127811.0,2,1,2,Needs Attention
C01330,113,3,283490.0,2,2,3,Needs Attention
C00942,113,4,138133.0,2,2,2,Needs Attention
C00697,113,7,102893.0,2,3,2,At Risk
C01489,112,14,705056.0,2,4,4,At Risk
C00188,111,1,8670.0,2,1,1,Needs Attention
C00437,111,3,128174.0,2,2,2,Needs Attention
C01341,111,7,201267.0,2,3,3,At Risk
C01048,110,5,171306.0,2,2,3,Needs Attention
C00234,109,2,10644.0,2,1,1,Needs Attention
C00149,109,3,282433.0,2,2,3,Needs Attention
C00660,109,4,129544.0,2,2,2,Needs Attention
C00251,108,2,13381.0,2,1,1,Needs Attention
C00701,108,3,42286.0,2,2,1,Needs Attention
C01108,107,2,49442.0,2,1,1,Needs Attention
C00287,107,8,341378.0,2,3,3,At Risk
C00259,107,11,565575.0,2,3,4,At Risk
C00157,106,1,1900.0,2,1,1,Needs Attention
C01442,106,2,103267.0,2,1,2,Needs Attention
C00005,106,3,454819.0,2,2,4,Needs Attention
C00349,105,2,22248.0,2,1,1,Needs Attention
C00765,105,3,37965.0,2,2,1,Needs Attention
C01067,105,5,59304.0,2,2,2,Needs Attention
C01338,105,6,125947.0,2,3,2,At Risk
C00319,104,2,87078.0,2,1,2,Needs Attention
C00009,104,4,44582.0,2,2,1,Needs Attention
C01090,104,4,97107.0,2,2,2,Needs Attention
C00298,104,4,210977.0,2,2,3,Needs Attention
C00862,104,6,75588.0,2,2,2,Needs Attention
C01189,104,18,890788.0,2,4,4,At Risk
C01313,103,8,468306.0,2,3,4,At Risk
C00851,103,10,420002.0,2,3,4,At Risk
C00313,103,18,815605.0,2,4,4,At Risk
C00785,102,1,14165.0,2,1,1,Needs Attention
C00946,102,2,148132.0,2,1,2,Needs Attention
C00579,102,6,56617.0,2,2,2,Needs Attention
C00181,102,12,399687.0,2,3,4,At Risk
C00244,101,4,301455.0,2,2,3,Needs Attention
C00340,100,6,813407.0,2,3,4,At Risk
C00789,100,10,123433.0,2,3,2,At Risk
C01230,99,1,7752.0,2,1,1,Needs Attention
C00904,99,4,99238.0,2,2,2,Needs Attention
C00396,99,5,86758.0,2,2,2,Needs Attention
C00286,99,8,559276.0,2,3,4,At Risk
C00441,99,12,330365.0,2,3,3,At Risk
C01217,98,2,9987.0,2,1,1,Needs Attention
C00216,98,4,250497.0,2,2,3,Needs Attention
C00051,98,5,84998.0,2,2,2,Needs Attention
C00645,98,7,114440.0,2,3,2,At Risk
C00591,97,4,774172.0,2,2,4,Needs Attention
C01346,96,2,1903.0,2,1,1,Needs Attention
C00142,96,10,332229.0,2,3,3,At Risk
C01175,95,4,150339.0,2,2,2,Needs Attention
C00745,94,3,37712.0,2,2,1,Needs Attention
C00288,94,7,343777.0,2,3,3,At Risk
C01020,92,1,4360.0,2,1,1,Needs Attention
C01255,92,1,6418.0,2,1,1,Needs Attention
C01138,92,1,48501.0,2,1,1,Needs Attention
C00027,92,1,74556.0,2,1,2,Needs Attention
C00421,92,3,11074.0,2,2,1,Needs Attention
C01426,92,3,268490.0,2,2,3,Needs Attention
C00295,91,2,123365.0,2,1,2,Needs Attention
C01044,91,3,51135.0,2,2,2,Needs Attention
C00477,89,1,2070.0,2,1,1,Needs Attention
C00107,89,3,100835.0,2,2,2,Needs Attention
C00953,89,5,129479.0,2,2,2,Needs Attention
C00417,89,10,135998.0,2,3,2,At Risk
C01395,89,15,812058.0,2,4,4,At Risk
C00528,88,3,187960.0,2,2,3,Needs Attention
C01458,88,3,215825.0,2,2,3,Needs Attention
C01021,88,6,131981.0,2,3,2,At Risk
C00868,88,6,366984.0,2,3,3,At Risk
C00342,88,7,366715.0,2,3,3,At Risk
C00050,88,10,465631.0,2,3,4,At Risk
C01425,87,3,12405.0,2,2,1,Needs Attention
C00138,87,4,39374.0,2,2,1,Needs Attention
C00376,87,6,107300.0,2,2,2,Needs Attention
C01270,87,8,257666.0,2,3,3,At Risk
C01110,87,8,484320.0,2,3,4,At Risk
C01443,87,11,380136.0,2,3,3,At Risk
C01160,87,17,426705.0,2,4,4,At Risk
C01026,86,1,3468.0,2,1,1,Needs Attention
C00982,85,4,97042.0,2,2,2,Needs Attention
C01499,85,16,162355.0,2,4,2,At Risk
C01208,84,1,104778.0,2,1,2,Needs Attention
C00878,84,2,7948.0,2,1,1,Needs Attention
C00791,84,7,208617.0,2,3,3,At Risk
C00954,84,9,49734.0,2,3,2,At Risk
C00514,83,1,22249.0,2,1,1,Needs Attention
C01145,83,2,245263.0,2,1,3,Needs Attention
C00425,83,3,79550.0,2,2,2,Needs Attention
C01332,83,4,124653.0,2,2,2,Needs Attention
C00644,83,5,197689.0,2,2,3,Needs Attention
C00394,83,6,41477.0,2,2,1,Needs Attention
C00780,83,6,286697.0,2,3,3,At Risk
C01291,83,7,63486.0,2,3,2,At Risk
C01404,83,8,179982.0,2,3,3,At Risk
C01351,83,10,883315.0,2,3,4,At Risk
C00262,83,13,730158.0,2,4,4,At Risk
C01401,82,6,33269.0,2,2,1,Needs Attention
C01301,81,12,243445.0,2,3,3,At Risk
C00563,80,9,245726.0,2,3,3,At Risk
C00875,80,9,306225.0,2,3,3,At Risk
C00087,80,10,47295.0,2,3,1,At Risk
C00284,79,2,6947.0,2,1,1,Needs Attention
C01369,79,6,62475.0,2,2,2,Needs Attention
C01077,79,7,50989.0,2,3,2,At Risk
C01096,79,19,796845.0,2,4,4,At Risk
C00039,78,2,209386.0,2,1,3,Needs Attention
C00978,78,5,172202.0,2,2,3,Needs Attention
C00931,78,5,362630.0,2,2,3,Needs Attention
C00360,78,7,167678.0,2,3,2,At Risk
C00097,78,8,125292.0,2,3,2,At Risk
C00615,78,12,404734.0,2,3,4,At Risk
C01315,77,2,21131.0,2,1,1,Needs Attention
C00662,77,2,63153.0,2,1,2,Needs Attention
C00737,77,2,236260.0,2,1,3,Needs Attention
C01257,77,4,55259.0,2,2,2,Needs Attention
C01492,76,5,236943.0,2,2,3,Needs Attention
C00774,76,5,485947.0,2,2,4,Needs Attention
C00704,76,6,206096.0,2,3,3,At Risk
C00215,75,6,60980.0,2,2,2,Needs Attention
C01069,75,6,178405.0,2,3,3,At Risk
C01191,74,1,1393.0,2,1,1,Needs Attention
C01086,74,1,8585.0,2,1,1,Needs Attention
C00601,74,2,680.0,2,1,1,Needs Attention
C00205,74,2,72160.0,2,1,2,Needs Attention
C01349,74,3,74199.0,2,2,2,Needs Attention
C00767,74,5,215760.0,2,2,3,Needs Attention
C01295,74,6,138513.0,2,3,2,At Risk
C00751,74,6,172513.0,2,3,3,At Risk
C00867,74,29,828514.0,2,4,4,At Risk
C01038,73,1,460.0,2,1,1,Needs Attention
C00062,73,8,231337.0,2,3,3,At Risk
C00038,73,19,260365.0,2,4,3,At Risk
C00543,73,21,324789.0,2,4,3,At Risk
C00932,72,1,604.0,2,1,1,Needs Attention
C01299,72,1,125490.0,2,1,2,Needs Attention
C00010,72,2,354795.0,2,1,3,Needs Attention
C00075,72,9,388931.0,2,3,3,At Risk
C00572,71,2,16610.0,2,1,1,Needs Attention
C01179,71,9,208165.0,2,3,3,At Risk
C00758,71,12,587820.0,2,4,4,At Risk
C00330,70,2,5017.0,2,1,1,Needs Attention
C01363,70,3,5098.0,2,1,1,Needs Attention
C00301,70,3,53470.0,2,2,2,Needs Attention
C00026,70,5,282491.0,2,2,3,Needs Attention
C01229,70,7,183149.0,2,3,3,At Risk
C00497,70,9,145238.0,2,3,2,At Risk
C00865,70,9,293435.0,2,3,3,At Risk
C00940,70,13,128333.0,2,4,2,At Risk
C01025,70,16,658153.0,2,4,4,At Risk
C00224,70,30,1170422.0,2,4,4,At Risk
C00636,69,3,23227.0,2,2,1,Needs Attention
C00357,69,3,85466.0,2,2,2,Needs Attention
C01317,69,3,94261.0,2,2,2,Needs Attention
C00189,69,5,141608.0,2,2,2,Needs Attention
C00379,69,6,202362.0,2,3,3,At Risk
C01139,69,9,375029.0,2,3,3,At Risk
C00210,69,17,388341.0,2,4,3,At Risk
C00246,69,18,531038.0,2,4,4,At Risk
C01194,68,1,2187.0,2,1,1,Needs Attention
C00752,68,2,34078.0,2,1,1,Needs Attention
C00406,68,11,171223.0,2,3,2,At Risk
C01033,68,12,581666.0,2,4,4,At Risk
C00491,67,4,86088.0,2,2,2,Needs Attention
C00553,67,10,325800.0,2,3,3,At Risk
C00861,67,14,799421.0,2,4,4,At Risk
C00333,66,2,100612.0,2,1,2,Needs Attention
C00846,66,9,194390.0,2,3,3,At Risk
C00505,66,10,62279.0,2,3,2,At Risk
C00746,66,11,190401.0,2,3,3,At Risk
C01241,66,13,219343.0,2,4,3,At Risk
C00378,65,6,69739.0,2,2,2,Needs Attention
C01333,65,10,141922.0,2,3,2,At Risk
C00225,65,13,564608.0,2,4,4,At Risk
C00496,65,16,760976.0,2,4,4,At Risk
C00582,64,1,29205.0,2,1,1,Needs Attention
C01450,64,3,20837.0,2,2,1,Needs Attention
C00056,64,5,11647.0,2,2,1,Needs Attention
C00914,64,12,151439.0,2,3,2,At Risk
C00380,64,15,731547.0,2,4,4,At Risk
C00706,63,1,12051.0,2,1,1,Needs Attention
C01034,63,2,9690.0,2,1,1,Needs Attention
C00016,63,2,161535.0,2,1,2,Needs Attention
C00658,63,4,107255.0,2,2,2,Needs Attention
C00534,63,6,108405.0,2,2,2,Needs Attention
C00530,63,6,192798.0,2,3,3,At Risk
C00004,63,8,407409.0,2,3,4,At Risk
C01462,63,11,235233.0,2,3,3,At Risk
C00311,62,2,5812.0,2,1,1,Needs Attention
C00671,62,2,270600.0,2,1,3,Needs Attention
C01391,62,5,32600.0,2,2,1,Needs Attention
C01320,62,5,287500.0,2,2,3,Needs Attention
C00609,62,7,241731.0,2,3,3,At Risk
C00896,62,8,42379.0,2,3,1,At Risk
C01288,62,11,263394.0,2,3,3,At Risk
C00064,61,1,15860.0,2,1,1,Needs Attention
C00738,61,8,313030.0,2,3,3,At Risk
C00245,61,9,82535.0,2,3,2,At Risk
C01470,61,11,250708.0,2,3,3,At Risk
C00501,61,14,226058.0,2,4,3,At Risk
C01276,60,1,39960.0,2,1,1,Needs Attention
C00720,60,2,170505.0,2,1,2,Needs Attention
C01147,60,4,81178.0,2,2,2,Needs Attention
C01243,60,7,87034.0,2,3,2,At Risk
C01081,60,7,234685.0,2,3,3,At Risk
C00958,60,7,344941.0,2,3,3,At Risk
C00001,59,1,430.0,2,1,1,Needs Attention
C01428,59,4,207303.0,2,2,3,Needs Attention
C01432,59,5,33254.0,2,2,1,Needs Attention
C00381,59,5,108439.0,2,2,2,Needs Attention
C00733,59,6,157923.0,2,3,2,At Risk
C00559,59,8,318307.0,2,3,3,At Risk
C01454,59,9,126334.0,2,3,2,At Risk
C00047,59,10,300545.0,2,3,3,At Risk
C00365,58,5,54608.0,2,2,2,Needs Attention
C00217,58,5,204791.0,2,2,3,Needs Attention
C01439,58,9,157699.0,2,3,2,At Risk
C00008,58,10,247737.0,2,3,3,At Risk
C00321,58,14,355967.0,2,4,3,At Risk
C00223,58,14,489210.0,2,4,4,At Risk
C01261,58,21,519423.0,2,4,4,At Risk
C01218,57,5,91982.0,2,2,2,Needs Attention
C00121,57,5,306776.0,2,2,3,Needs Attention
C01183,57,6,281785.0,3,3,3,Champions
C01451,57,11,424106.0,3,3,4,Champions
C00355,56,1,13785.0,3,1,1,Needs Attention
C00893,56,4,83327.0,3,2,2,Loyal / Potential
C01344,56,5,249182.0,3,2,3,Loyal / Potential
C00950,56,6,411627.0,3,3,4,Champions
C00218,56,15,207116.0,3,4,3,Champions
C00506,55,1,3980.0,3,1,1,Needs Attention
C00690,55,3,194283.0,3,2,3,Loyal / Potential
C01251,55,4,113076.0,3,2,2,Loyal / Potential
C01290,55,5,53276.0,3,2,2,Loyal / Potential
C00161,55,8,190777.0,3,3,3,Champions
C01493,55,10,262449.0,3,3,3,Champions
C01063,55,14,263144.0,3,4,3,Champions
C00092,55,15,172044.0,3,4,3,Champions
C01422,55,15,255201.0,3,4,3,Champions
C00577,54,6,233798.0,3,3,3,Champions
C00434,54,8,230547.0,3,3,3,Champions
C01491,54,9,256004.0,3,3,3,Champions
C00815,54,10,77293.0,3,3,2,Loyal / Potential
C00341,54,14,267517.0,3,4,3,Champions
C01495,54,19,497138.0,3,4,4,Champions
C01072,54,22,1092974.0,3,4,4,Champions
C00654,53,1,11970.0,3,1,1,Needs Attention
C00273,53,3,18899.0,3,2,1,Loyal / Potential
C00447,53,5,363825.0,3,2,3,Loyal / Potential
C00936,53,8,353310.0,3,3,3,Champions
C00651,53,9,132704.0,3,3,2,Loyal / Potential
C00600,53,9,632691.0,3,3,4,Champions
C00096,53,12,703122.0,3,4,4,Champions
C01307,52,2,35274.0,3,1,1,Needs Attention
C01468,52,4,54859.0,3,2,2,Loyal / Potential
C00414,52,5,72687.0,3,2,2,Loyal / Potential
C00432,52,5,98927.0,3,2,2,Loyal / Potential
C00011,52,6,413022.0,3,3,4,Champions
C01150,52,9,171932.0,3,3,3,Champions
C00423,52,9,187544.0,3,3,3,Champions
C00007,52,12,391844.0,3,3,3,Champions
C00761,52,16,357054.0,3,4,3,Champions
C01379,52,16,448094.0,3,4,4,Champions
C00383,52,26,856912.0,3,4,4,Champions
C00052,51,4,383320.0,3,2,3,Loyal / Potential
C00134,51,11,98738.0,3,3,2,Loyal / Potential
C00144,51,11,289531.0,3,3,3,Champions
C00110,51,13,486659.0,3,4,4,Champions
C00798,50,2,42930.0,3,1,1,Needs Attention
C00919,50,3,166450.0,3,2,2,Loyal / Potential
C00849,50,7,223500.0,3,3,3,Champions
C01275,50,10,285922.0,3,3,3,Champions
C00395,50,11,316848.0,3,3,3,Champions
C00938,49,2,1934.0,3,1,1,Needs Attention
C00929,49,2,73987.0,3,1,2,Needs Attention
C00787,49,3,71122.0,3,2,2,Loyal / Potential
C00833,49,4,78306.0,3,2,2,Loyal / Potential
C00363,49,6,234710.0,3,3,3,Champions
C00876,48,4,67521.0,3,2,2,Loyal / Potential
C00467,48,5,136609.0,3,2,2,Loyal / Potential
C00647,48,8,132200.0,3,3,2,Loyal / Potential
C00988,48,8,350303.0,3,3,3,Champions
C00494,48,24,506863.0,3,4,4,Champions
C00139,47,1,230328.0,3,1,3,Needs Attention
C00564,47,3,149774.0,3,2,2,Loyal / Potential
C00998,47,4,14197.0,3,2,1,Loyal / Potential
C00111,47,5,236307.0,3,2,3,Loyal / Potential
C00067,47,6,56345.0,3,2,2,Loyal / Potential
C00427,47,10,517339.0,3,3,4,Champions
C00233,47,14,313757.0,3,4,3,Champions
C00250,47,16,373262.0,3,4,3,Champions
C01102,47,24,885145.0,3,4,4,Champions
C00977,47,26,522948.0,3,4,4,Champions
C01032,46,2,61532.0,3,1,2,Needs Attention
C00227,46,3,39130.0,3,2,1,Loyal / Potential
C01111,46,3,106365.0,3,2,2,Loyal / Potential
C01326,46,4,14695.0,3,2,1,Loyal / Potential
C00980,46,8,143117.0,3,3,2,Loyal / Potential
C00487,46,8,177440.0,3,3,3,Champions
C00411,46,8,379867.0,3,3,3,Champions
C00212,46,10,265931.0,3,3,3,Champions
C00986,46,10,347238.0,3,3,3,Champions
C00991,46,12,900415.0,3,4,4,Champions
C00228,46,17,913828.0,3,4,4,Champions
C01049,46,31,447875.0,3,4,4,Champions
C00065,45,3,243555.0,3,2,3,Loyal / Potential
C00717,45,5,126288.0,3,2,2,Loyal / Potential
C00883,45,7,180653.0,3,3,3,Champions
C00133,45,8,370013.0,3,3,3,Champions
C00057,45,10,61217.0,3,3,2,Loyal / Potential
C01410,45,10,471799.0,3,3,4,Champions
C01396,45,13,641653.0,3,4,4,Champions
C01201,45,14,52126.0,3,4,2,Loyal / Potential
C01024,45,20,491495.0,3,4,4,Champions
C00675,44,5,48663.0,3,2,1,Loyal / Potential
C00900,44,6,52928.0,3,2,2,Loyal / Potential
C00659,44,11,281987.0,3,3,3,Champions
C00889,44,11,662353.0,3,3,4,Champions
C00165,44,16,671643.0,3,4,4,Champions
C00314,44,20,569333.0,3,4,4,Champions
C00899,44,24,844679.0,3,4,4,Champions
C00611,43,3,100823.0,3,2,2,Loyal / Potential
C01231,43,4,85066.0,3,2,2,Loyal / Potential
C00209,43,4,292285.0,3,2,3,Loyal / Potential
C00664,43,6,190968.0,3,3,3,Champions
C01182,43,6,350611.0,3,3,3,Champions
C01367,43,8,187360.0,3,3,3,Champions
C00874,43,25,973419.0,3,4,4,Champions
C00481,42,1,430.0,3,1,1,Needs Attention
C00866,42,4,33777.0,3,2,1,Loyal / Potential
C01039,42,4,235184.0,3,2,3,Loyal / Potential
C00850,42,7,227000.0,3,3,3,Champions
C00451,42,9,196226.0,3,3,3,Champions
C01195,42,12,301505.0,3,3,3,Champions
C01124,42,15,237646.0,3,4,3,Champions
C00841,42,16,697136.0,3,4,4,Champions
C00353,42,27,1224357.0,3,4,4,Champions
C01457,41,4,94249.0,3,2,2,Loyal / Potential
C00035,41,11,157625.0,3,3,2,Loyal / Potential
C01452,41,12,258606.0,3,3,3,Champions
C00472,41,14,229267.0,3,4,3,Champions
C00951,41,15,222303.0,3,4,3,Champions
C01498,41,15,362274.0,3,4,3,Champions
C01289,41,22,765043.0,3,4,4,Champions
C00388,40,2,431730.0,3,1,4,Needs Attention
C01453,40,4,83237.0,3,2,2,Loyal / Potential
C01203,40,5,20565.0,3,2,1,Loyal / Potential
C01435,40,6,13311.0,3,2,1,Loyal / Potential
C00527,40,6,57246.0,3,2,2,Loyal / Potential
C01093,40,8,188391.0,3,3,3,Champions
C01042,40,11,326218.0,3,3,3,Champions
C00979,39,3,49748.0,3,2,2,Loyal / Potential
C00247,39,5,199050.0,3,2,3,Loyal / Potential
C00783,39,6,116322.0,3,3,2,Loyal / Potential
C00622,39,6,290580.0,3,3,3,Champions
C00159,39,8,321724.0,3,3,3,Champions
C01202,39,8,526091.0,3,3,4,Champions
C00167,39,9,125641.0,3,3,2,Loyal / Potential
C00524,39,10,72391.0,3,3,2,Loyal / Potential
C01355,39,10,372217.0,3,3,3,Champions
C01324,39,13,74953.0,3,4,2,Loyal / Potential
C01298,39,13,965977.0,3,4,4,Champions
C00755,38,3,106910.0,3,2,2,Loyal / Potential
C00918,38,10,360775.0,3,3,3,Champions
C00554,38,17,514807.0,3,4,4,Champions
C01085,38,17,705220.0,3,4,4,Champions
C00086,37,1,210.0,3,1,1,Needs Attention
C01192,37,3,53132.0,3,2,2,Loyal / Potential
C01148,37,5,424333.0,3,2,4,Loyal / Potential
C00619,37,10,87268.0,3,3,2,Loyal / Potential
C00937,37,10,127499.0,3,3,2,Loyal / Potential
C00594,37,14,363660.0,3,4,3,Champions
C00392,37,15,325619.0,3,4,3,Champions
C00796,37,16,346738.0,3,4,3,Champions
C00540,37,23,479806.0,3,4,4,Champions
C00832,36,5,228025.0,3,2,3,Loyal / Potential
C00961,36,6,132858.0,3,3,2,Loyal / Potential
C00819,36,7,112661.0,3,3,2,Loyal / Potential
C00400,36,7,244636.0,3,3,3,Champions
C01215,36,9,311110.0,3,3,3,Champions
C01221,36,12,290161.0,3,3,3,Champions
C00667,36,22,1287572.0,3,4,4,Champions
C00576,36,24,539204.0,3,4,4,Champions
C00193,35,1,5453.0,3,1,1,Needs Attention
C00894,35,1,22790.0,3,1,1,Needs Attention
C00440,35,1,37962.0,3,1,1,Needs Attention
C00806,35,2,93513.0,3,1,2,Needs Attention
C00653,35,4,109761.0,3,2,2,Loyal / Potential
C00375,35,9,411407.0,3,3,4,Champions
C00859,34,1,3088.0,3,1,1,Needs Attention
C00488,34,3,103392.0,3,2,2,Loyal / Potential
C01256,34,3,457389.0,3,2,4,Loyal / Potential
C01429,34,5,89703.0,3,2,2,Loyal / Potential
C00185,34,5,191670.0,3,2,3,Loyal / Potential
C01178,34,7,203961.0,3,3,3,Champions
C01131,34,7,258674.0,3,3,3,Champions
C00063,34,7,396563.0,3,3,3,Champions
C00182,34,8,119433.0,3,3,2,Loyal / Potential
C00817,34,8,332794.0,3,3,3,Champions
C01163,34,20,712983.0,3,4,4,Champions
C00955,34,42,884592.0,3,4,4,Champions
C00597,33,3,19193.0,3,2,1,Loyal / Potential
C00587,33,4,77170.0,3,2,2,Loyal / Potential
C00907,33,5,523064.0,3,2,4,Loyal / Potential
C00458,33,6,224852.0,3,3,3,Champions
C00784,33,30,1298554.0,3,4,4,Champions
C01165,32,1,6264.0,3,1,1,Needs Attention
C00192,32,4,31158.0,3,2,1,Loyal / Potential
C00672,32,7,94264.0,3,3,2,Loyal / Potential
C00105,32,13,442243.0,3,4,4,Champions
C00170,32,14,355997.0,3,4,3,Champions
C00124,32,16,293047.0,3,4,3,Champions
C00260,32,20,632706.0,3,4,4,Champions
C00788,32,21,378079.0,3,4,3,Champions
C00489,32,25,1043825.0,3,4,4,Champions
C01365,31,5,288042.0,3,2,3,Loyal / Potential
C01206,31,8,407736.0,3,3,4,Champions
C00688,31,9,215863.0,3,3,3,Champions
C01415,31,10,97850.0,3,3,2,Loyal / Potential
C00625,31,14,166497.0,3,4,2,Loyal / Potential
C00842,31,19,699609.0,3,4,4,Champions
C01068,31,35,1342091.0,3,4,4,Champions
C00230,31,41,902767.0,3,4,4,Champions
C01359,30,2,54609.0,3,1,2,Needs Attention
C00112,30,4,199666.0,3,2,3,Loyal / Potential
C00623,30,6,225264.0,3,3,3,Champions
C01318,30,11,241603.0,3,3,3,Champions
C01274,30,14,289371.0,3,4,3,Champions
C00206,30,26,507011.0,3,4,4,Champions
C00352,30,26,932953.0,3,4,4,Champions
C00098,30,32,1239688.0,3,4,4,Champions
C01109,29,4,23315.0,3,2,1,Loyal / Potential
C00607,29,7,453818.0,3,3,4,Champions
C00276,29,11,298734.0,3,3,3,Champions
C01466,29,11,493663.0,3,3,4,Champions
C00996,29,12,277307.0,3,3,3,Champions
C01296,29,17,222483.0,3,4,3,Champions
C00721,29,27,565118.0,3,4,4,Champions
C00616,29,28,670675.0,3,4,4,Champions
C01030,28,1,105103.0,3,1,2,Needs Attention
C00679,28,4,119551.0,3,2,2,Loyal / Potential
C01019,28,4,343404.0,3,2,3,Loyal / Potential
C00536,28,5,77808.0,3,2,2,Loyal / Potential
C00389,28,5,81080.0,3,2,2,Loyal / Potential
C00413,28,6,224036.0,3,3,3,Champions
C01465,28,12,732151.0,3,4,4,Champions
C00334,28,13,483385.0,3,4,4,Champions
C01272,28,15,517013.0,3,4,4,Champions
C00548,28,21,359429.0,3,4,3,Champions
C01204,28,22,495606.0,3,4,4,Champions
C00923,28,31,673729.0,3,4,4,Champions
C00391,27,7,276539.0,3,3,3,Champions
C00199,27,8,389338.0,3,3,3,Champions
C00521,27,9,63841.0,3,3,2,Loyal / Potential
C01490,27,9,148055.0,3,3,2,Loyal / Potential
C00061,27,9,246050.0,3,3,3,Champions
C00367,27,11,614868.0,3,3,4,Champions
C01479,27,13,80823.0,3,4,2,Loyal / Potential
C00790,27,13,250567.0,3,4,3,Champions
C00269,27,14,655087.0,3,4,4,Champions
C01473,27,20,638669.0,3,4,4,Champions
C00151,26,1,9605.0,3,1,1,Needs Attention
C00852,26,5,18977.0,3,2,1,Loyal / Potential
C00173,26,6,686216.0,3,3,4,Champions
C01494,26,7,142553.0,3,3,2,Loyal / Potential
C00366,26,7,292358.0,3,3,3,Champions
C00463,26,9,193404.0,3,3,3,Champions
C01082,26,18,403201.0,3,4,4,Champions
C00799,26,18,941410.0,3,4,4,Champions
C00255,26,24,383562.0,3,4,3,Champions
C01239,26,31,1265900.0,3,4,4,Champions
C00585,25,4,201097.0,3,2,3,Loyal / Potential
C00612,25,6,8735.0,3,2,1,Loyal / Potential
C00992,25,6,139108.0,3,3,2,Loyal / Potential
C00428,25,6,200063.0,3,3,3,Champions
C00863,25,9,286171.0,3,3,3,Champions
C00025,25,10,263758.0,3,3,3,Champions
C00073,25,13,227621.0,3,4,3,Champions
C00267,25,13,551521.0,3,4,4,Champions
C01469,25,14,417981.0,3,4,4,Champions
C00272,25,15,241981.0,3,4,3,Champions
C01116,25,21,985899.0,3,4,4,Champions
C00088,25,22,512575.0,3,4,4,Champions
C01478,24,3,36381.0,3,2,1,Loyal / Potential
C01219,24,5,162983.0,3,2,2,Loyal / Potential
C00826,24,6,45245.0,3,2,1,Loyal / Potential
C00500,24,7,148161.0,3,3,2,Loyal / Potential
C00827,24,8,192671.0,3,3,3,Champions
C00987,24,11,167859.0,3,3,2,Loyal / Potential
C01282,24,11,385527.0,3,3,3,Champions
C01456,24,14,427715.0,3,4,4,Champions
C00753,24,16,642351.0,3,4,4,Champions
C01156,24,17,567442.0,3,4,4,Champions
C01287,24,27,797623.0,3,4,4,Champions
C01013,24,42,1187721.0,3,4,4,Champions
C00945,23,2,3387.0,3,1,1,Needs Attention
C00068,23,2,12118.0,3,1,1,Needs Attention
C01028,23,2,23942.0,3,1,1,Needs Attention
C00779,23,4,73309.0,3,2,2,Loyal / Potential
C01441,23,5,139571.0,3,2,2,Loyal / Potential
C00606,23,6,237781.0,3,3,3,Champions
C00709,23,7,588132.0,3,3,4,Champions
C01120,23,8,38307.0,3,3,1,Loyal / Potential
C00538,23,17,290777.0,3,4,3,Champions
C00723,23,22,731189.0,3,4,4,Champions
C00630,23,33,931057.0,3,4,4,Champions
C00749,23,35,1130364.0,3,4,4,Champions
C01471,22,9,429795.0,3,3,4,Champions
C00152,22,10,377753.0,3,3,3,Champions
C00502,22,10,460615.0,3,3,4,Champions
C00930,22,12,371645.0,3,3,3,Champions
C01200,22,12,704135.0,3,4,4,Champions
C00873,22,17,434076.0,3,4,4,Champions
C01403,22,19,405898.0,3,4,4,Champions
C00122,22,22,1417921.0,3,4,4,Champions
C00046,22,23,1148664.0,3,4,4,Champions
C00845,22,26,641301.0,4,4,4,Champions
C00208,22,27,789216.0,4,4,4,Champions
C01055,21,2,23195.0,4,1,1,New Customers
C00390,21,4,22013.0,4,2,1,Loyal / Potential
C00589,21,5,45142.0,4,2,1,Loyal / Potential
C01146,21,5,86495.0,4,2,2,Loyal / Potential
C00372,21,6,119337.0,4,3,2,Loyal / Potential
C01185,21,10,371247.0,4,3,3,Champions
C01070,21,10,409456.0,4,3,4,Champions
C00077,21,12,97304.0,4,3,2,Loyal / Potential
C00236,21,12,1026727.0,4,4,4,Champions
C01126,21,15,457153.0,4,4,4,Champions
C00905,21,17,567324.0,4,4,4,Champions
C00302,21,21,622339.0,4,4,4,Champions
C00626,21,21,808921.0,4,4,4,Champions
C00762,21,24,437187.0,4,4,4,Champions
C01311,20,2,3926.0,4,1,1,New Customers
C00627,20,2,68524.0,4,1,2,New Customers
C01362,20,7,125654.0,4,3,2,Loyal / Potential
C00916,20,10,94700.0,4,3,2,Loyal / Potential
C01154,20,10,205857.0,4,3,3,Champions
C00137,20,14,313708.0,4,4,3,Champions
C01306,20,40,980522.0,4,4,4,Champions
C00493,19,5,94166.0,4,2,2,Loyal / Potential
C00285,19,8,97077.0,4,3,2,Loyal / Potential
C01128,19,8,191049.0,4,3,3,Champions
C00586,19,10,162443.0,4,3,2,Loyal / Potential
C00685,19,10,384120.0,4,3,3,Champions
C00772,19,10,386196.0,4,3,3,Champions
C00860,19,14,615498.0,4,4,4,Champions
C01080,19,17,454335.0,4,4,4,Champions
C00480,19,19,684378.0,4,4,4,Champions
C00834,19,28,747934.0,4,4,4,Champions
C01176,19,28,939734.0,4,4,4,Champions
C00049,19,29,766361.0,4,4,4,Champions
C00656,19,40,1009558.0,4,4,4,Champions
C00771,18,3,7107.0,4,2,1,Loyal / Potential
C00920,18,3,13510.0,4,2,1,Loyal / Potential
C00734,18,4,67656.0,4,2,2,Loyal / Potential
C01399,18,9,101613.0,4,3,2,Loyal / Potential
C01334,18,9,309278.0,4,3,3,Champions
C00198,18,10,107042.0,4,3,2,Loyal / Potential
C00673,18,10,249109.0,4,3,3,Champions
C00821,18,11,183295.0,4,3,3,Champions
C01066,18,12,751359.0,4,4,4,Champions
C00956,18,17,416073.0,4,4,4,Champions
C00190,18,19,346521.0,4,4,3,Champions
C00890,18,19,736886.0,4,4,4,Champions
C01398,18,27,885243.0,4,4,4,Champions
C01353,18,27,1227262.0,4,4,4,Champions
C00478,17,3,8854.0,4,2,1,Loyal / Potential
C01474,17,3,36411.0,4,2,1,Loyal / Potential
C00700,17,3,81529.0,4,2,2,Loyal / Potential
C01269,17,3,426780.0,4,2,4,Loyal / Potential
C00109,17,5,224330.0,4,2,3,Loyal / Potential
C00941,17,6,77053.0,4,2,2,Loyal / Potential
C00808,17,6,462029.0,4,3,4,Champions
C00888,17,9,48719.0,4,3,1,Loyal / Potential
C00416,17,10,201317.0,4,3,3,Champions
C01153,17,18,517659.0,4,4,4,Champions
C00759,17,20,965012.0,4,4,4,Champions
C01394,17,22,624251.0,4,4,4,Champions
C00080,17,29,1101805.0,4,4,4,Champions
C00681,17,35,1179611.0,4,4,4,Champions
C00318,16,2,8866.0,4,1,1,New Customers
C00238,16,5,116024.0,4,2,2,Loyal / Potential
C01209,16,5,138731.0,4,2,2,Loyal / Potential
C00568,16,9,317788.0,4,3,3,Champions
C01237,16,11,638311.0,4,3,4,Champions
C00948,16,12,287013.0,4,3,3,Champions
C00102,16,14,194004.0,4,4,3,Champions
C01015,16,15,221041.0,4,4,3,Champions
C00323,16,16,623369.0,4,4,4,Champions
C00368,16,18,447503.0,4,4,4,Champions
C00614,16,27,312291.0,4,4,3,Champions
C01266,15,6,175056.0,4,3,3,Champions
C00155,15,7,385660.0,4,3,3,Champions
C01008,15,11,220567.0,4,3,3,Champions
C01118,15,11,597058.0,4,3,4,Champions
C01423,15,13,54867.0,4,4,2,Loyal / Potential
C00570,15,14,250249.0,4,4,3,Champions
C01464,15,14,819964.0,4,4,4,Champions
C00410,15,20,399518.0,4,4,4,Champions
C00164,15,21,864622.0,4,4,4,Champions
C00897,15,22,547531.0,4,4,4,Champions
C00371,15,27,1037674.0,4,4,4,Champions
C01151,15,28,659380.0,4,4,4,Champions
C01057,15,28,852338.0,4,4,4,Champions
C01407,15,36,1092229.0,4,4,4,Champions
C00239,14,1,57666.0,4,1,2,New Customers
C01097,14,3,103878.0,4,2,2,Loyal / Potential
C00304,14,4,104880.0,4,2,2,Loyal / Potential
C00610,14,6,159385.0,4,3,2,Loyal / Potential
C00240,14,7,128759.0,4,3,2,Loyal / Potential
C01283,14,8,152738.0,4,3,2,Loyal / Potential
C00682,14,10,333414.0,4,3,3,Champions
C00665,14,15,734037.0,4,4,4,Champions
C00131,13,3,19560.0,4,2,1,Loyal / Potential
C00677,13,4,636450.0,4,2,4,Loyal / Potential
C00271,13,5,94630.0,4,2,2,Loyal / Potential
C00265,13,6,360054.0,4,3,3,Champions
C00910,13,8,117064.0,4,3,2,Loyal / Potential
C01190,13,8,255393.0,4,3,3,Champions
C00020,13,9,412559.0,4,3,4,Champions
C00913,13,14,1034111.0,4,4,4,Champions
C01076,13,16,602395.0,4,4,4,Champions
C00336,13,19,241532.0,4,4,3,Champions
C00879,13,20,138613.0,4,4,2,Loyal / Potential
C00880,13,20,303266.0,4,4,3,Champions
C01388,13,55,1604463.0,4,4,4,Champions
C01011,12,4,86731.0,4,2,2,Loyal / Potential
C01106,12,6,211039.0,4,3,3,Champions
C00649,12,8,218827.0,4,3,3,Champions
C00620,12,9,230000.0,4,3,3,Champions
C00503,12,12,427456.0,4,4,4,Champions
C00346,12,15,358217.0,4,4,3,Champions
C00466,12,18,771345.0,4,4,4,Champions
C01087,12,20,224312.0,4,4,3,Champions
C01434,12,20,518894.0,4,4,4,Champions
C00703,12,20,875749.0,4,4,4,Champions
C01319,12,21,983112.0,4,4,4,Champions
C01285,12,23,1107275.0,4,4,4,Champions
C00175,12,32,673882.0,4,4,4,Champions
C01386,11,1,68519.0,4,1,2,New Customers
C00678,11,3,133134.0,4,2,2,Loyal / Potential
C01263,11,5,47630.0,4,2,1,Loyal / Potential
C00486,11,5,72219.0,4,2,2,Loyal / Potential
C00312,11,5,174956.0,4,2,3,Loyal / Potential
C00657,11,6,148535.0,4,3,2,Loyal / Potential
C00120,11,14,724045.0,4,4,4,Champions
C01155,11,15,337245.0,4,4,3,Champions
C00235,11,17,491733.0,4,4,4,Champions
C00183,11,19,806918.0,4,4,4,Champions
C00584,11,20,188058.0,4,4,3,Champions
C00807,11,20,488276.0,4,4,4,Champions
C00747,11,23,856268.0,4,4,4,Champions
C01477,11,27,651060.0,4,4,4,Champions
C00871,11,31,1034962.0,4,4,4,Champions
C00442,11,35,1628903.0,4,4,4,Champions
C01264,10,2,25799.0,4,1,1,New Customers
C00404,10,10,419815.0,4,3,4,Champions
C00221,10,11,356651.0,4,3,3,Champions
C00680,10,20,425893.0,4,4,4,Champions
C00696,10,22,497542.0,4,4,4,Champions
C01321,10,66,2137010.0,4,4,4,Champions
C00928,9,3,119242.0,4,2,2,Loyal / Potential
C00171,9,3,134245.0,4,2,2,Loyal / Potential
C00331,9,6,282503.0,4,3,3,Champions
C00854,9,7,451019.0,4,3,4,Champions
C01485,9,8,82262.0,4,3,2,Loyal / Potential
C00546,9,11,325036.0,4,3,3,Champions
C01227,9,12,516539.0,4,4,4,Champions
C01095,9,13,576406.0,4,4,4,Champions
C00926,9,16,408864.0,4,4,4,Champions
C00908,9,17,499069.0,4,4,4,Champions
C00219,9,20,657864.0,4,4,4,Champions
C00993,9,20,830517.0,4,4,4,Champions
C00797,9,21,739537.0,4,4,4,Champions
C00915,9,23,618212.0,4,4,4,Champions
C00520,9,25,1195965.0,4,4,4,Champions
C00036,9,38,1703812.0,4,4,4,Champions
C00347,8,1,14640.0,4,1,1,New Customers
C01400,8,6,79223.0,4,2,2,Loyal / Potential
C00446,8,10,336207.0,4,3,3,Champions
C00308,8,10,539176.0,4,3,4,Champions
C00545,8,13,265211.0,4,4,3,Champions
C01325,8,14,431407.0,4,4,4,Champions
C00126,8,16,816226.0,4,4,4,Champions
C01273,8,26,1059869.0,4,4,4,Champions
C00617,8,29,1099902.0,4,4,4,Champions
C00857,8,31,1018226.0,4,4,4,Champions
C00724,8,45,1215168.0,4,4,4,Champions
C00901,7,9,218090.0,4,3,3,Champions
C00354,7,10,201058.0,4,3,3,Champions
C01058,7,10,294712.0,4,3,3,Champions
C01381,7,15,457274.0,4,4,4,Champions
C01152,7,15,1018628.0,4,4,4,Champions
C00969,7,17,416095.0,4,4,4,Champions
C01259,7,20,727482.0,4,4,4,Champions
C00172,7,24,655901.0,4,4,4,Champions
C00515,7,26,723335.0,4,4,4,Champions
C00356,7,31,913784.0,4,4,4,Champions
C00726,7,41,1030363.0,4,4,4,Champions
C00294,7,55,1621086.0,4,4,4,Champions
C00143,6,3,125729.0,4,2,2,Loyal / Potential
C01174,6,6,85701.0,4,2,2,Loyal / Potential
C00158,6,8,109955.0,4,3,2,Loyal / Potential
C00079,6,8,401978.0,4,3,4,Champions
C01496,6,9,263334.0,4,3,3,Champions
C01472,6,11,332507.0,4,3,3,Champions
C01427,6,11,387641.0,4,3,3,Champions
C00561,6,14,1074682.0,4,4,4,Champions
C00637,6,22,383936.0,4,4,3,Champions
C00343,6,22,531722.0,4,4,4,Champions
C01012,6,24,667536.0,4,4,4,Champions
C00037,6,32,1326718.0,4,4,4,Champions
C01416,6,51,1305359.0,4,4,4,Champions
C00438,6,58,2362588.0,4,4,4,Champions
C00418,6,68,2912851.0,4,4,4,Champions
C00150,5,4,7550.0,4,2,1,Loyal / Potential
C01158,5,4,134118.0,4,2,2,Loyal / Potential
C01447,5,6,723080.0,4,3,4,Champions
C00676,5,7,173331.0,4,3,3,Champions
C01409,5,8,243070.0,4,3,3,Champions
C00099,5,9,206819.0,4,3,3,Champions
C00748,5,9,338192.0,4,3,3,Champions
C01157,5,9,428358.0,4,3,4,Champions
C01376,5,10,212281.0,4,3,3,Champions
C00364,5,11,242675.0,4,3,3,Champions
C01335,5,16,994643.0,4,4,4,Champions
C00430,5,17,598251.0,4,4,4,Champions
C01312,5,19,818096.0,4,4,4,Champions
C00922,5,22,791745.0,4,4,4,Champions
C00693,5,25,845960.0,4,4,4,Champions
C00197,5,31,858458.0,4,4,4,Champions
C00310,5,33,473645.0,4,4,4,Champions
C01500,5,35,714938.0,4,4,4,Champions
C00280,5,38,1551733.0,4,4,4,Champions
C00195,4,1,71928.0,4,1,2,New Customers
C01347,4,2,29558.0,4,1,1,New Customers
C00468,4,3,164774.0,4,2,2,Loyal / Potential
C00316,4,4,49494.0,4,2,1,Loyal / Potential
C01378,4,4,123385.0,4,2,2,Loyal / Potential
C01436,4,6,146293.0,4,3,2,Loyal / Potential
C00604,4,7,123274.0,4,3,2,Loyal / Potential
C00633,4,9,301977.0,4,3,3,Champions
C00450,4,10,304092.0,4,3,3,Champions
C00032,4,11,342090.0,4,3,3,Champions
C00768,4,11,455234.0,4,3,4,Champions
C01445,4,12,159979.0,4,3,2,Loyal / Potential
C01254,4,22,963765.0,4,4,4,Champions
C01197,4,25,966481.0,4,4,4,Champions
C00895,4,28,577975.0,4,4,4,Champions
C00123,4,28,642183.0,4,4,4,Champions
C00805,4,28,911741.0,4,4,4,Champions
C00599,4,32,672470.0,4,4,4,Champions
C00730,4,37,992886.0,4,4,4,Champions
C00426,4,48,1125899.0,4,4,4,Champions
C01050,3,3,28769.0,4,2,1,Loyal / Potential
C00605,3,4,27834.0,4,2,1,Loyal / Potential
C00148,3,4,76713.0,4,2,2,Loyal / Potential
C00566,3,4,508890.0,4,2,4,Loyal / Potential
C00727,3,5,111118.0,4,2,2,Loyal / Potential
C00555,3,6,74683.0,4,2,2,Loyal / Potential
C00014,3,9,128717.0,4,3,2,Loyal / Potential
C01382,3,9,277865.0,4,3,3,Champions
C01122,3,12,308521.0,4,3,3,Champions
C01463,3,16,294957.0,4,4,3,Champions
C00044,3,21,566287.0,4,4,4,Champions
C00778,3,23,1723161.0,4,4,4,Champions
C01405,3,24,976789.0,4,4,4,Champions
C00473,3,26,675332.0,4,4,4,Champions
C00335,3,36,749046.0,4,4,4,Champions
C00989,2,3,33348.0,4,2,1,Loyal / Potential
C01170,2,6,491151.0,4,3,4,Champions
C00590,2,8,47015.0,4,3,1,Loyal / Potential
C00655,2,8,385714.0,4,3,3,Champions
C01323,2,11,228950.0,4,3,3,Champions
C00435,2,13,464168.0,4,4,4,Champions
C00674,2,13,657295.0,4,4,4,Champions
C01129,2,16,608606.0,4,4,4,Champions
C00891,2,20,782374.0,4,4,4,Champions
C00408,2,20,886751.0,4,4,4,Champions
C00831,2,23,1187873.0,4,4,4,Champions
C00071,2,25,511815.0,4,4,4,Champions
C00154,2,32,579778.0,4,4,4,Champions
C00959,2,33,1188331.0,4,4,4,Champions
C01007,2,37,998217.0,4,4,4,Champions
C00848,2,38,1192951.0,4,4,4,Champions
C00397,2,44,1095916.0,4,4,4,Champions
C00042,2,48,1752140.0,4,4,4,Champions
C01236,1,5,271088.0,4,2,3,Loyal / Potential
C00522,1,6,170000.0,4,3,2,Loyal / Potential
C01385,1,7,198750.0,4,3,3,Champions
C00507,1,10,567676.0,4,3,4,Champions
C00949,1,13,269815.0,4,4,3,Champions
C00970,1,13,338596.0,4,4,3,Champions
C00957,1,17,501103.0,4,4,4,Champions
C01418,1,18,655816.0,4,4,4,Champions
C00211,1,18,678786.0,4,4,4,Champions
C00973,1,19,403092.0,4,4,4,Champions
C00029,1,20,823909.0,4,4,4,Champions
C00716,1,21,481699.0,4,4,4,Champions
C00562,1,21,658596.0,4,4,4,Champions
C01091,1,28,825990.0,4,4,4,Champions
C00574,1,30,589787.0,4,4,4,Champions
C00773,1,32,1002255.0,4,4,4,Champions
C00453,1,36,1660189.0,4,4,4,Champions
C00652,1,39,1626016.0,4,4,4,Champions
C00140,1,43,1818868.0,4,4,4,Champions
C00763,1,49,595871.0,4,4,4,Champions
C01281,1,65,2235165.0,4,4,4,Champions
