customer_id,customer_name,city,state,region,segment,signup_date
C00001,Customer 1,Hyderabad,Telangana,South,Corporate,2023-07-12
C00002,Customer 2,Jaipur,Rajasthan,North,Home Office,2024-01-17
C00003,Customer 3,Kochi,Kerala,South,Consumer,2023-07-31
C00004,Customer 4,Chennai,Tamil Nadu,South,Consumer,2023-06-19
C00005,Customer 5,Mumbai,Maharashtra,West,Corporate,2023-02-25
C00006,Customer 6,Patna,Bihar,East,Consumer,2022-08-09
C00007,Customer 7,Hyderabad,Telangana,South,Corporate,2022-09-10
C00008,Customer 8,Hyderabad,Telangana,South,Consumer,2023-11-03
C00009,Customer 9,Mumbai,Maharashtra,West,Consumer,2022-03-04
C00010,Customer 10,Jaipur,Rajasthan,North,Corporate,2022-03-18
C00011,Customer 11,Delhi,Delhi,North,Consumer,2022-12-23
C00012,Customer 12,Bhubaneswar,Odisha,East,Consumer,2023-11-28
C00013,Customer 13,Bengaluru,Karnataka,South,Corporate,2023-08-15
C00014,Customer 14,Hyderabad,Telangana,South,Corporate,2023-06-15
C00015,Customer 15,Jaipur,Rajasthan,North,Home Office,2023-04-26
C00016,Customer 16,Nashik,Maharashtra,West,Consumer,2022-04-10
C00017,Customer 17,Bengaluru,Karnataka,South,Consumer,2022-10-26
C00018,Customer 18,Mumbai,Maharashtra,West,Home Office,2022-03-13
C00019,Customer 19,Hyderabad,Telangana,South,Consumer,2023-11-14
C00020,Customer 20,Bengaluru,Karnataka,South,Consumer,2023-11-07
C00021,Customer 21,Hyderabad,Telangana,South,Consumer,2022-08-21
C00022,Customer 22,Delhi,Delhi,North,Consumer,2022-09-21
C00023,Customer 23,Patna,Bihar,East,Home Office,2022-10-13
C00024,Customer 24,Kolkata,West Bengal,East,Corporate,2024-03-11
C00025,Customer 25,Hyderabad,Telangana,South,Corporate,2023-03-16
C00026,Customer 26,Pune,Maharashtra,West,Consumer,2023-11-17
C00027,Customer 27,Jaipur,Rajasthan,North,Consumer,2023-02-08
C00028,Customer 28,Mumbai,Maharashtra,West,Consumer,2023-09-21
C00029,Customer 29,Pune,Maharashtra,West,Consumer,2023-04-21
C00030,Customer 30,Chennai,Tamil Nadu,South,Consumer,2022-09-08
C00031,Customer 31,Hyderabad,Telangana,South,Consumer,2024-02-28
C00032,Customer 32,Patna,Bihar,East,Consumer,2023-10-01
C00033,Customer 33,Delhi,Delhi,North,Consumer,2023-11-24
C00034,Customer 34,Delhi,Delhi,North,Corporate,2024-05-03
C00035,Customer 35,Jaipur,Rajasthan,North,Consumer,2022-08-12
C00036,Customer 36,Pune,Maharashtra,West,Consumer,2022-03-24
C00037,Customer 37,Mumbai,Maharashtra,West,Corporate,2023-06-09
C00038,Customer 38,Lucknow,Uttar Pradesh,North,Corporate,2022-10-21
C00039,Customer 39,Nashik,Maharashtra,West,Corporate,2023-01-28
C00040,Customer 40,Chennai,Tamil Nadu,South,Consumer,2022-07-31
C00041,Customer 41,Jaipur,Rajasthan,North,Corporate,2022-12-25
C00042,Customer 42,Kochi,Kerala,South,Consumer,2022-12-20
C00043,Customer 43,Chennai,Tamil Nadu,South,Consumer,2022-11-12
C00044,Customer 44,Delhi,Delhi,North,Consumer,2023-10-31
C00045,Customer 45,Kochi,Kerala,South,Consumer,2023-06-18
C00046,Customer 46,Hyderabad,Telangana,South,Consumer,2023-03-03
C00047,Customer 47,Delhi,Delhi,North,Consumer,2022-04-12
C00048,Customer 48,Ahmedabad,Gujarat,West,Corporate,2023-05-29
C00049,Customer 49,Chennai,Tamil Nadu,South,Consumer,2022-06-07
C00050,Customer 50,Mumbai,Maharashtra,West,Consumer,2022-10-10
C00051,Customer 51,Pune,Maharashtra,West,Consumer,2023-01-09
C00052,Customer 52,Mumbai,Maharashtra,West,Consumer,2022-05-08
C00053,Customer 53,Hyderabad,Telangana,South,Consumer,2022-12-17
C00054,Customer 54,Chennai,Tamil Nadu,South,Consumer,2022-08-29
C00055,Customer 55,Chennai,Tamil Nadu,South,Consumer,2024-02-04
C00056,Customer 56,Hyderabad,Telangana,South,Corporate,2024-02-13
C00057,Customer 57,Jaipur,Rajasthan,North,Home Office,2022-01-05
C00058,Customer 58,Bengaluru,Karnataka,South,Consumer,2023-06-27
C00059,Customer 59,Mumbai,Maharashtra,West,Corporate,2023-07-31
C00060,Customer 60,Mumbai,Maharashtra,West,Home Office,2022-12-07
C00061,Customer 61,Chennai,Tamil Nadu,South,Home Office,2023-02-27
C00062,Customer 62,Lucknow,Uttar Pradesh,North,Corporate,2023-12-12
C00063,Customer 63,Bengaluru,Karnataka,South,Home Office,2022-12-07
C00064,Customer 64,Hyderabad,Telangana,South,Home Office,2022-02-28
C00065,Customer 65,Bengaluru,Karnataka,South,Corporate,2022-12-02
C00066,Customer 66,Bengaluru,Karnataka,South,Consumer,2022-08-17
C00067,Customer 67,Bengaluru,Karnataka,South,Consumer,2022-12-11
C00068,Customer 68,Ahmedabad,Gujarat,West,Consumer,2022-07-27
C00069,Customer 69,Mumbai,Maharashtra,West,Consumer,2022-05-15
C00070,Customer 70,Jaipur,Rajasthan,North,Consumer,2024-06-05
C00071,Customer 71,Pune,Maharashtra,West,Consumer,2022-04-26
C00072,Customer 72,Delhi,Delhi,North,Consumer,2023-09-28
C00073,Customer 73,Kochi,Kerala,South,Consumer,2023-10-08
C00074,Customer 74,Nashik,Maharashtra,West,Corporate,2023-07-11
C00075,Customer 75,Mumbai,Maharashtra,West,Consumer,2024-03-31
C00076,Customer 76,Ahmedabad,Gujarat,West,Consumer,2022-01-05
C00077,Customer 77,Ahmedabad,Gujarat,West,Corporate,2022-09-29
C00078,Customer 78,Chennai,Tamil Nadu,South,Corporate,2022-06-15
C00079,Customer 79,Bengaluru,Karnataka,South,Home Office,2023-06-04
C00080,Customer 80,Hyderabad,Telangana,South,Home Office,2023-07-26
C00081,Customer 81,Chennai,Tamil Nadu,South,Home Office,2024-03-19
C00082,Customer 82,Delhi,Delhi,North,Consumer,2022-12-08
C00083,Customer 83,Hyderabad,Telangana,South,Consumer,2022-08-01
C00084,Customer 84,Pune,Maharashtra,West,Consumer,2024-04-11
C00085,Customer 85,Mumbai,Maharashtra,West,Corporate,2023-08-29
C00086,Customer 86,Mumbai,Maharashtra,West,Home Office,2023-11-20
C00087,Customer 87,Chennai,Tamil Nadu,South,Consumer,2023-02-05
C00088,Customer 88,Jaipur,Rajasthan,North,Consumer,2023-02-07
C00089,Customer 89,Pune,Maharashtra,West,Consumer,2022-12-17
C00090,Customer 90,Lucknow,Uttar Pradesh,North,Consumer,2023-11-06
C00091,Customer 91,Pune,Maharashtra,West,Consumer,2022-07-09
C00092,Customer 92,Chennai,Tamil Nadu,South,Consumer,2024-05-27
C00093,Customer 93,Jaipur,Rajasthan,North,Home Office,2022-06-08
C00094,Customer 94,Delhi,Delhi,North,Consumer,2023-02-19
C00095,Customer 95,Ahmedabad,Gujarat,West,Corporate,2022-10-11
C00096,Customer 96,Bengaluru,Karnataka,South,Corporate,2023-08-02
C00097,Customer 97,Delhi,Delhi,North,Consumer,2023-09-05
C00098,Customer 98,Mumbai,Maharashtra,West,Consumer,2024-04-06
C00099,Customer 99,Mumbai,Maharashtra,West,Corporate,2023-12-12
C00100,Customer 100,Patna,Bihar,East,Consumer,2022-08-12
C00101,Customer 101,Kolkata,West Bengal,East,Home Office,2022-07-05
C00102,Customer 102,Chennai,Tamil Nadu,South,Consumer,2024-03-08
C00103,Customer 103,Ahmedabad,Gujarat,West,Corporate,2023-03-16
C00104,Customer 104,Patna,Bihar,East,Corporate,2022-03-29
C00105,Customer 105,Hyderabad,Telangana,South,Consumer,2024-01-13
C00106,Customer 106,Chennai,Tamil Nadu,South,Consumer,2023-08-07
C00107,Customer 107,Jaipur,Rajasthan,North,Home Office,2022-01-24
C00108,Customer 108,Ahmedabad,Gujarat,West,Consumer,2023-12-06
C00109,Customer 109,Mumbai,Maharashtra,West,Consumer,2023-07-01
C00110,Customer 110,Kolkata,West Bengal,East,Consumer,2023-07-08
C00111,Customer 111,Jaipur,Rajasthan,North,Consumer,2024-02-18
C00112,Customer 112,Pune,Maharashtra,West,Corporate,2023-03-22
C00113,Customer 113,Ahmedabad,Gujarat,West,Corporate,2023-02-20
C00114,Customer 114,Bengaluru,Karnataka,South,Consumer,2023-07-10
C00115,Customer 115,Pune,Maharashtra,West,Corporate,2022-06-28
C00116,Customer 116,Kochi,Kerala,South,Consumer,2022-05-17
C00117,Customer 117,Hyderabad,Telangana,South,Consumer,2024-01-30
C00118,Customer 118,Chennai,Tamil Nadu,South,Consumer,2022-07-14
C00119,Customer 119,Jaipur,Rajasthan,North,Home Office,2023-03-30
C00120,Customer 120,Bengaluru,Karnataka,South,Consumer,2022-08-31
C00121,Customer 121,Bengaluru,Karnataka,South,Consumer,2022-07-27
C00122,Customer 122,Bengaluru,Karnataka,South,Consumer,2023-06-23
C00123,Customer 123,Mumbai,Maharashtra,West,Corporate,2023-12-24
C00124,Customer 124,Delhi,Delhi,North,Consumer,2023-02-02
C00125,Customer 125,Mumbai,Maharashtra,West,Consumer,2022-05-05
C00126,Customer 126,Lucknow,Uttar Pradesh,North,Corporate,2022-08-09
C00127,Customer 127,Delhi,Delhi,North,Consumer,2022-05-29
C00128,Customer 128,Pune,Maharashtra,West,Consumer,2024-03-05
C00129,Customer 129,Mumbai,Maharashtra,West,Consumer,2022-10-15
C00130,Customer 130,Bengaluru,Karnataka,South,Consumer,2022-12-03
C00131,Customer 131,Pune,Maharashtra,West,Consumer,2022-03-05
C00132,Customer 132,Bhubaneswar,Odisha,East,Home Office,2023-02-06
C00133,Customer 133,Bengaluru,Karnataka,South,Corporate,2024-04-02
C00134,Customer 134,Delhi,Delhi,North,Corporate,2023-01-04
C00135,Customer 135,Bengaluru,Karnataka,South,Home Office,2023-08-10
C00136,Customer 136,Mumbai,Maharashtra,West,Consumer,2022-06-13
C00137,Customer 137,Patna,Bihar,East,Consumer,2022-05-09
C00138,Customer 138,Lucknow,Uttar Pradesh,North,Home Office,2023-10-21
C00139,Customer 139,Hyderabad,Telangana,South,Consumer,2022-03-01
C00140,Customer 140,Mumbai,Maharashtra,West,Corporate,2023-02-08
C00141,Customer 141,Lucknow,Uttar Pradesh,North,Corporate,2022-10-13
C00142,Customer 142,Lucknow,Uttar Pradesh,North,Consumer,2022-01-15
C00143,Customer 143,Bhubaneswar,Odisha,East,Consumer,2023-04-24
C00144,Customer 144,Bengaluru,Karnataka,South,Consumer,2024-05-17
C00145,Customer 145,Lucknow,Uttar Pradesh,North,Consumer,2022-03-04
C00146,Customer 146,Ahmedabad,Gujarat,West,Consumer,2024-01-05
C00147,Customer 147,Delhi,Delhi,North,Consumer,2023-05-01
C00148,Customer 148,Chandigarh,Chandigarh,North,Corporate,2023-10-14
C00149,Customer 149,Jaipur,Rajasthan,North,Home Office,2022-03-28
C00150,Customer 150,Mumbai,Maharashtra,West,Corporate,2024-02-22
C00151,Customer 151,Hyderabad,Telangana,South,Consumer,2022-01-11
C00152,Customer 152,Kolkata,West Bengal,East,Consumer,2024-03-27
C00153,Customer 153,Pune,Maharashtra,West,Consumer,2023-08-16
C00154,Customer 154,Bengaluru,Karnataka,South,Consumer,2022-10-31
C00155,Customer 155,Mumbai,Maharashtra,West,Home Office,2022-01-07
C00156,Customer 156,Chennai,Tamil Nadu,South,Consumer,2023-07-04
C00157,Customer 157,Ahmedabad,Gujarat,West,Consumer,2022-03-20
C00158,Customer 158,Bengaluru,Karnataka,South,Corporate,2023-07-02
C00159,Customer 159,Chennai,Tamil Nadu,South,Consumer,2023-11-27
C00160,Customer 160,Hyderabad,Telangana,South,Consumer,2022-08-29
C00161,Customer 161,Mumbai,Maharashtra,West,Consumer,2022-08-03
C00162,Customer 162,Kolkata,West Bengal,East,Corporate,2022-07-19
C00163,Customer 163,Nashik,Maharashtra,West,Corporate,2022-07-22
C00164,Customer 164,Mumbai,Maharashtra,West,Consumer,2022-04-13
C00165,Customer 165,Bengaluru,Karnataka,South,Home Office,2022-08-13
C00166,Customer 166,Delhi,Delhi,North,Home Office,2023-08-17
C00167,Customer 167,Hyderabad,Telangana,South,Corporate,2022-09-30
C00168,Customer 168,Hyderabad,Telangana,South,Consumer,2023-12-04
C00169,Customer 169,Delhi,Delhi,North,Consumer,2024-01-08
C00170,Customer 170,Patna,Bihar,East,Home Office,2023-11-16
C00171,Customer 171,Ahmedabad,Gujarat,West,Consumer,2023-05-01
C00172,Customer 172,Chandigarh,Chandigarh,North,Corporate,2022-10-12
C00173,Customer 173,Ahmedabad,Gujarat,West,Corporate,2024-04-16
C00174,Customer 174,Bhubaneswar,Odisha,East,Consumer,2022-07-04
C00175,Customer 175,Pune,Maharashtra,West,Corporate,2023-02-23
C00176,Customer 176,Mumbai,Maharashtra,West,Home Office,2023-02-13
C00177,Customer 177,Jaipur,Rajasthan,North,Corporate,2023-11-03
C00178,Customer 178,Patna,Bihar,East,Consumer,2023-05-08
C00179,Customer 179,Kolkata,West Bengal,East,Home Office,2023-12-21
C00180,Customer 180,Hyderabad,Telangana,South,Consumer,2024-04-07
C00181,Customer 181,Kolkata,West Bengal,East,Corporate,2022-12-18
C00182,Customer 182,Kolkata,West Bengal,East,Corporate,2024-02-27
C00183,Customer 183,Chandigarh,Chandigarh,North,Corporate,2022-06-02
C00184,Customer 184,Delhi,Delhi,North,Consumer,2024-04-04
C00185,Customer 185,Hyderabad,Telangana,South,Consumer,2022-06-10
C00186,Customer 186,Chennai,Tamil Nadu,South,Consumer,2024-02-05
C00187,Customer 187,Delhi,Delhi,North,Consumer,2022-12-18
C00188,Customer 188,Mumbai,Maharashtra,West,Consumer,2024-05-18
C00189,Customer 189,Hyderabad,Telangana,South,Consumer,2022-04-27
C00190,Customer 190,Ahmedabad,Gujarat,West,Consumer,2023-02-23
C00191,Customer 191,Bhubaneswar,Odisha,East,Corporate,2024-03-22
C00192,Customer 192,Nashik,Maharashtra,West,Home Office,2022-02-12
C00193,Customer 193,Mumbai,Maharashtra,West,Consumer,2022-08-27
C00194,Customer 194,Kochi,Kerala,South,Corporate,2022-03-17
C00195,Customer 195,Pune,Maharashtra,West,Corporate,2022-10-17
C00196,Customer 196,Pune,Maharashtra,West,Consumer,2022-12-18
C00197,Customer 197,Bengaluru,Karnataka,South,Consumer,2023-07-12
C00198,Customer 198,Kolkata,West Bengal,East,Corporate,2022-08-20
C00199,Customer 199,Pune,Maharashtra,West,Home Office,2022-05-23
C00200,Customer 200,Delhi,Delhi,North,Corporate,2022-06-02
C00201,Customer 201,Hyderabad,Telangana,South,Home Office,2024-04-24
C00202,Customer 202,Patna,Bihar,East,Home Office,2024-05-07
C00203,Customer 203,Lucknow,Uttar Pradesh,North,Consumer,2022-07-19
C00204,Customer 204,Pune,Maharashtra,West,Corporate,2022-06-25
C00205,Customer 205,Mumbai,Maharashtra,West,Consumer,2022-02-18
C00206,Customer 206,Nashik,Maharashtra,West,Home Office,2024-05-13
C00207,Customer 207,Mumbai,Maharashtra,West,Consumer,2023-09-28
C00208,Customer 208,Chennai,Tamil Nadu,South,Consumer,2023-11-16
C00209,Customer 209,Mumbai,Maharashtra,West,Home Office,2022-09-19
C00210,Customer 210,Lucknow,Uttar Pradesh,North,Consumer,2023-07-31
C00211,Customer 211,Chennai,Tamil Nadu,South,Corporate,2022-02-23
C00212,Customer 212,Bengaluru,Karnataka,South,Consumer,2023-09-01
C00213,Customer 213,Pune,Maharashtra,West,Home Office,2023-06-06
C00214,Customer 214,Hyderabad,Telangana,South,Home Office,2022-10-26
C00215,Customer 215,Chennai,Tamil Nadu,South,Consumer,2023-10-02
C00216,Customer 216,Chennai,Tamil Nadu,South,Corporate,2023-08-05
C00217,Customer 217,Mumbai,Maharashtra,West,Consumer,2023-01-31
C00218,Customer 218,Mumbai,Maharashtra,West,Corporate,2022-06-18
C00219,Customer 219,Bhubaneswar,Odisha,East,Corporate,2022-01-22
C00220,Customer 220,Delhi,Delhi,North,Corporate,2024-04-23
C00221,Customer 221,Ahmedabad,Gujarat,West,Consumer,2022-09-11
C00222,Customer 222,Lucknow,Uttar Pradesh,North,Consumer,2022-09-29
C00223,Customer 223,Chennai,Tamil Nadu,South,Corporate,2023-09-05
C00224,Customer 224,Patna,Bihar,East,Consumer,2022-08-18
C00225,Customer 225,Ahmedabad,Gujarat,West,Consumer,2022-12-05
C00226,Customer 226,Bhubaneswar,Odisha,East,Consumer,2023-10-03
C00227,Customer 227,Mumbai,Maharashtra,West,Consumer,2023-06-20
C00228,Customer 228,Bengaluru,Karnataka,South,Home Office,2023-08-14
C00229,Customer 229,Bengaluru,Karnataka,South,Consumer,2022-01-05
C00230,Customer 230,Mumbai,Maharashtra,West,Consumer,2023-02-11
C00231,Customer 231,Pune,Maharashtra,West,Home Office,2023-03-04
C00232,Customer 232,Delhi,Delhi,North,Consumer,2023-07-24
C00233,Customer 233,Patna,Bihar,East,Corporate,2022-05-17
C00234,Customer 234,Bengaluru,Karnataka,South,Consumer,2022-05-24
C00235,Customer 235,Bhubaneswar,Odisha,East,Home Office,2023-11-18
C00236,Customer 236,Hyderabad,Telangana,South,Corporate,2023-08-29
C00237,Customer 237,Jaipur,Rajasthan,North,Home Office,2024-01-01
C00238,Customer 238,Hyderabad,Telangana,South,Consumer,2022-09-01
C00239,Customer 239,Mumbai,Maharashtra,West,Consumer,2024-06-16
C00240,Customer 240,Mumbai,Maharashtra,West,Corporate,2022-09-03
C00241,Customer 241,Hyderabad,Telangana,South,Consumer,2023-08-09
C00242,Customer 242,Hyderabad,Telangana,South,Consumer,2022-05-26
C00243,Customer 243,Nashik,Maharashtra,West,Consumer,2024-04-06
C00244,Customer 244,Chandigarh,Chandigarh,North,Home Office,2022-10-27
C00245,Customer 245,Bengaluru,Karnataka,South,Corporate,2023-12-24
C00246,Customer 246,Kolkata,West Bengal,East,Corporate,2022-10-26
C00247,Customer 247,Bengaluru,Karnataka,South,Corporate,2023-12-13
C00248,Customer 248,Delhi,Delhi,North,Consumer,2023-02-13
C00249,Customer 249,Delhi,Delhi,North,Consumer,2022-02-26
C00250,Customer 250,Delhi,Delhi,North,Consumer,2022-06-21
C00251,Customer 251,Bengaluru,Karnataka,South,Corporate,2023-09-08
C00252,Customer 252,Kolkata,West Bengal,East,Consumer,2022-06-23
C00253,Customer 253,Jaipur,Rajasthan,North,Home Office,2022-09-05
C00254,Customer 254,Nashik,Maharashtra,West,Corporate,2023-05-03
C00255,Customer 255,Nashik,Maharashtra,West,Consumer,2022-08-16
C00256,Customer 256,Hyderabad,Telangana,South,Consumer,2022-04-26
C00257,Customer 257,Hyderabad,Telangana,South,Consumer,2023-07-16
C00258,Customer 258,Mumbai,Maharashtra,West,Home Office,2023-09-13
C00259,Customer 259,Mumbai,Maharashtra,West,Home Office,2023-10-22
C00260,Customer 260,Bengaluru,Karnataka,South,Home Office,2024-04-29
C00261,Customer 261,Pune,Maharashtra,West,Consumer,2022-04-23
C00262,Customer 262,Hyderabad,Telangana,South,Consumer,2023-01-20
C00263,Customer 263,Delhi,Delhi,North,Consumer,2022-07-30
C00264,Customer 264,Pune,Maharashtra,West,Consumer,2024-03-21
C00265,Customer 265,Bhubaneswar,Odisha,East,Consumer,2023-05-01
C00266,Customer 266,Pune,Maharashtra,West,Consumer,2022-03-30
C00267,Customer 267,Ahmedabad,Gujarat,West,Home Office,2023-09-15
C00268,Customer 268,Pune,Maharashtra,West,Consumer,2022-02-08
C00269,Customer 269,Mumbai,Maharashtra,West,Consumer,2022-09-04
C00270,Customer 270,Mumbai,Maharashtra,West,Corporate,2023-10-12
C00271,Customer 271,Mumbai,Maharashtra,West,Consumer,2023-04-01
C00272,Customer 272,Pune,Maharashtra,West,Corporate,2023-11-16
C00273,Customer 273,Mumbai,Maharashtra,West,Corporate,2023-05-30
C00274,Customer 274,Bengaluru,Karnataka,South,Home Office,2024-01-29
C00275,Customer 275,Chennai,Tamil Nadu,South,Corporate,2023-05-22
C00276,Customer 276,Delhi,Delhi,North,Consumer,2022-02-21
C00277,Customer 277,Delhi,Delhi,North,Corporate,2022-03-06
C00278,Customer 278,Lucknow,Uttar Pradesh,North,Consumer,2023-12-01
C00279,Customer 279,Kolkata,West Bengal,East,Consumer,2022-02-04
C00280,Customer 280,Kochi,Kerala,South,Consumer,2022-12-05
C00281,Customer 281,Mumbai,Maharashtra,West,Consumer,2022-01-15
C00282,Customer 282,Pune,Maharashtra,West,Corporate,2022-10-01
C00283,Customer 283,Nashik,Maharashtra,West,Consumer,2023-06-20
C00284,Customer 284,Nashik,Maharashtra,West,Consumer,2022-06-05
C00285,Customer 285,Bengaluru,Karnataka,South,Consumer,2023-02-24
C00286,Customer 286,Delhi,Delhi,North,Corporate,2024-06-15
C00287,Customer 287,Mumbai,Maharashtra,West,Consumer,2022-03-05
C00288,Customer 288,Delhi,Delhi,North,Corporate,2022-02-27
C00289,Customer 289,Chandigarh,Chandigarh,North,Home Office,2022-09-02
C00290,Customer 290,Mumbai,Maharashtra,West,Consumer,2024-01-15
C00291,Customer 291,Kochi,Kerala,South,Corporate,2023-01-01
C00292,Customer 292,Mumbai,Maharashtra,West,Consumer,2023-07-30
C00293,Customer 293,Bhubaneswar,Odisha,East,Consumer,2022-01-31
C00294,Customer 294,Mumbai,Maharashtra,West,Corporate,2023-10-24
C00295,Customer 295,Kochi,Kerala,South,Home Office,2022-03-02
C00296,Customer 296,Kolkata,West Bengal,East,Consumer,2023-10-03
C00297,Customer 297,Patna,Bihar,East,Consumer,2022-05-14
C00298,Customer 298,Hyderabad,Telangana,South,Consumer,2024-02-12
C00299,Customer 299,Hyderabad,Telangana,South,Consumer,2022-09-24
C00300,Customer 300,Bengaluru,Karnataka,South,Corporate,2022-06-15
C00301,Customer 301,Hyderabad,Telangana,South,Corporate,2022-10-31
C00302,Customer 302,Mumbai,Maharashtra,West,Corporate,2022-01-01
C00303,Customer 303,Chandigarh,Chandigarh,North,Consumer,2022-05-29
C00304,Customer 304,Chandigarh,Chandigarh,North,Corporate,2023-06-23
C00305,Customer 305,Kochi,Kerala,South,Corporate,2022-09-28
C00306,Customer 306,Jaipur,Rajasthan,North,Corporate,2022-11-15
C00307,Customer 307,Delhi,Delhi,North,Consumer,2023-12-28
C00308,Customer 308,Bengaluru,Karnataka,South,Consumer,2022-04-22
C00309,Customer 309,Ahmedabad,Gujarat,West,Consumer,2022-12-23
C00310,Customer 310,Mumbai,Maharashtra,West,Consumer,2022-06-17
C00311,Customer 311,Lucknow,Uttar Pradesh,North,Consumer,2023-03-11
C00312,Customer 312,Delhi,Delhi,North,Consumer,2022-10-26
C00313,Customer 313,Nashik,Maharashtra,West,Corporate,2022-02-11
C00314,Customer 314,Delhi,Delhi,North,Consumer,2022-03-05
C00315,Customer 315,Delhi,Delhi,North,Corporate,2024-02-07
C00316,Customer 316,Delhi,Delhi,North,Consumer,2022-02-21
C00317,Customer 317,Delhi,Delhi,North,Corporate,2023-12-06
C00318,Customer 318,Chennai,Tamil Nadu,South,Consumer,2024-04-04
C00319,Customer 319,Ahmedabad,Gujarat,West,Consumer,2023-02-24
C00320,Customer 320,Bhubaneswar,Odisha,East,Corporate,2022-10-08
C00321,Customer 321,Kolkata,West Bengal,East,Home Office,2023-11-30
C00322,Customer 322,Lucknow,Uttar Pradesh,North,Consumer,2024-06-03
C00323,Customer 323,Delhi,Delhi,North,Consumer,2022-04-19
C00324,Customer 324,Chandigarh,Chandigarh,North,Corporate,2024-05-17
C00325,Customer 325,Kochi,Kerala,South,Corporate,2024-04-29
C00326,Customer 326,Bengaluru,Karnataka,South,Consumer,2022-05-09
C00327,Customer 327,Hyderabad,Telangana,South,Consumer,2022-02-19
C00328,Customer 328,Chandigarh,Chandigarh,North,Consumer,2023-10-06
C00329,Customer 329,Bengaluru,Karnataka,South,Home Office,2022-03-11
C00330,Customer 330,Ahmedabad,Gujarat,West,Consumer,2023-06-25
C00331,Customer 331,Chennai,Tamil Nadu,South,Consumer,2022-02-28
C00332,Customer 332,Pune,Maharashtra,West,Home Office,2023-09-14
C00333,Customer 333,Chennai,Tamil Nadu,South,Consumer,2022-07-28
C00334,Customer 334,Kolkata,West Bengal,East,Consumer,2022-03-28
C00335,Customer 335,Mumbai,Maharashtra,West,Consumer,2022-03-01
C00336,Customer 336,Bengaluru,Karnataka,South,Consumer,2022-06-19
C00337,Customer 337,Mumbai,Maharashtra,West,Consumer,2023-05-02
C00338,Customer 338,Chennai,Tamil Nadu,South,Consumer,2022-03-10
C00339,Customer 339,Mumbai,Maharashtra,West,Corporate,2023-12-24
C00340,Customer 340,Bhubaneswar,Odisha,East,Corporate,2023-06-28
C00341,Customer 341,Mumbai,Maharashtra,West,Consumer,2022-09-25
C00342,Customer 342,Patna,Bihar,East,Consumer,2024-06-06
C00343,Customer 343,Hyderabad,Telangana,South,Consumer,2023-08-16
C00344,Customer 344,Bengaluru,Karnataka,South,Home Office,2023-08-28
C00345,Customer 345,Hyderabad,Telangana,South,Consumer,2022-06-06
C00346,Customer 346,Hyderabad,Telangana,South,Corporate,2023-10-02
C00347,Customer 347,Bhubaneswar,Odisha,East,Consumer,2023-05-19
C00348,Customer 348,Ahmedabad,Gujarat,West,Corporate,2024-06-05
C00349,Customer 349,Bengaluru,Karnataka,South,Consumer,2023-03-07
C00350,Customer 350,Mumbai,Maharashtra,West,Corporate,2023-09-03
C00351,Customer 351,Bengaluru,Karnataka,South,Consumer,2022-11-04
C00352,Customer 352,Pune,Maharashtra,West,Home Office,2022-02-06
C00353,Customer 353,Bengaluru,Karnataka,South,Consumer,2022-04-26
C00354,Customer 354,Bengaluru,Karnataka,South,Corporate,2024-02-20
C00355,Customer 355,Jaipur,Rajasthan,North,Corporate,2023-10-27
C00356,Customer 356,Chandigarh,Chandigarh,North,Home Office,2022-11-25
C00357,Customer 357,Hyderabad,Telangana,South,Consumer,2023-09-21
C00358,Customer 358,Hyderabad,Telangana,South,Consumer,2022-01-04
C00359,Customer 359,Lucknow,Uttar Pradesh,North,Consumer,2022-02-03
C00360,Customer 360,Bengaluru,Karnataka,South,Consumer,2023-04-02
C00361,Customer 361,Bhubaneswar,Odisha,East,Consumer,2023-07-17
C00362,Customer 362,Mumbai,Maharashtra,West,Home Office,2024-04-23
C00363,Customer 363,Mumbai,Maharashtra,West,Home Office,2023-11-15
C00364,Customer 364,Mumbai,Maharashtra,West,Consumer,2022-08-20
C00365,Customer 365,Bengaluru,Karnataka,South,Corporate,2024-01-04
C00366,Customer 366,Delhi,Delhi,North,Home Office,2023-03-19
C00367,Customer 367,Hyderabad,Telangana,South,Home Office,2024-01-14
C00368,Customer 368,Chennai,Tamil Nadu,South,Consumer,2022-06-06
C00369,Customer 369,Delhi,Delhi,North,Consumer,2022-01-24
C00370,Customer 370,Kolkata,West Bengal,East,Corporate,2022-02-21
C00371,Customer 371,Hyderabad,Telangana,South,Consumer,2024-06-10
C00372,Customer 372,Ahmedabad,Gujarat,West,Consumer,2022-03-14
C00373,Customer 373,Delhi,Delhi,North,Home Office,2024-04-25
C00374,Customer 374,Delhi,Delhi,North,Home Office,2023-10-17
C00375,Customer 375,Pune,Maharashtra,West,Home Office,2022-05-12
C00376,Customer 376,Pune,Maharashtra,West,Corporate,2024-02-17
C00377,Customer 377,Bhubaneswar,Odisha,East,Consumer,2022-05-10
C00378,Customer 378,Jaipur,Rajasthan,North,Consumer,2022-05-09
C00379,Customer 379,Delhi,Delhi,North,Consumer,2023-06-02
C00380,Customer 380,Chennai,Tamil Nadu,South,Consumer,2022-09-17
C00381,Customer 381,Bengaluru,Karnataka,South,Consumer,2022-09-19
C00382,Customer 382,Bhubaneswar,Odisha,East,Corporate,2022-06-25
C00383,Customer 383,Hyderabad,Telangana,South,Consumer,2023-07-01
C00384,Customer 384,Lucknow,Uttar Pradesh,North,Corporate,2022-01-25
C00385,Customer 385,Delhi,Delhi,North,Consumer,2022-08-09
C00386,Customer 386,Patna,Bihar,East,Consumer,2023-05-14
C00387,Customer 387,Chennai,Tamil Nadu,South,Consumer,2023-03-14
C00388,Customer 388,Patna,Bihar,East,Consumer,2023-09-22
C00389,Customer 389,Mumbai,Maharashtra,West,Home Office,2022-07-14
C00390,Customer 390,Kochi,Kerala,South,Consumer,2023-08-07
C00391,Customer 391,Bengaluru,Karnataka,South,Consumer,2023-11-15
C00392,Customer 392,Mumbai,Maharashtra,West,Corporate,2022-12-16
C00393,Customer 393,Bengaluru,Karnataka,South,Consumer,2022-08-20
C00394,Customer 394,Chennai,Tamil Nadu,South,Consumer,2023-05-15
C00395,Customer 395,Mumbai,Maharashtra,West,Consumer,2023-06-05
C00396,Customer 396,Jaipur,Rajasthan,North,Consumer,2022-03-26
C00397,Customer 397,Hyderabad,Telangana,South,Corporate,2023-05-24
C00398,Customer 398,Ahmedabad,Gujarat,West,Consumer,2022-05-19
C00399,Customer 399,Jaipur,Rajasthan,North,Consumer,2023-05-27
C00400,Customer 400,Jaipur,Rajasthan,North,Consumer,2024-04-18
C00401,Customer 401,Ahmedabad,Gujarat,West,Consumer,2023-04-29
C00402,Customer 402,Kolkata,West Bengal,East,Consumer,2023-11-17
C00403,Customer 403,Hyderabad,Telangana,South,Corporate,2022-10-06
C00404,Customer 404,Mumbai,Maharashtra,West,Consumer,2024-04-10
C00405,Customer 405,Patna,Bihar,East,Corporate,2024-01-02
C00406,Customer 406,Kolkata,West Bengal,East,Consumer,2024-04-05
C00407,Customer 407,Ahmedabad,Gujarat,West,Consumer,2023-10-30
C00408,Customer 408,Kochi,Kerala,South,Consumer,2023-08-08
C00409,Customer 409,Mumbai,Maharashtra,West,Corporate,2023-04-18
C00410,Customer 410,Patna,Bihar,East,Home Office,2024-04-15
C00411,Customer 411,Chennai,Tamil Nadu,South,Consumer,2024-02-03
C00412,Customer 412,Bengaluru,Karnataka,South,Consumer,2023-01-11
C00413,Customer 413,Mumbai,Maharashtra,West,Home Office,2022-03-19
C00414,Customer 414,Kolkata,West Bengal,East,Consumer,2022-01-04
C00415,Customer 415,Mumbai,Maharashtra,West,Consumer,2022-07-30
C00416,Customer 416,Nashik,Maharashtra,West,Consumer,2022-02-26
C00417,Customer 417,Pune,Maharashtra,West,Corporate,2022-07-10
C00418,Customer 418,Hyderabad,Telangana,South,Corporate,2022-04-09
C00419,Customer 419,Pune,Maharashtra,West,Consumer,2024-06-01
C00420,Customer 420,Kolkata,West Bengal,East,Home Office,2022-03-27
C00421,Customer 421,Bengaluru,Karnataka,South,Consumer,2023-07-19
C00422,Customer 422,Mumbai,Maharashtra,West,Consumer,2022-11-13
C00423,Customer 423,Mumbai,Maharashtra,West,Consumer,2022-06-06
C00424,Customer 424,Mumbai,Maharashtra,West,Consumer,2023-09-24
C00425,Customer 425,Bengaluru,Karnataka,South,Consumer,2024-05-23
C00426,Customer 426,Hyderabad,Telangana,South,Consumer,2023-12-13
C00427,Customer 427,Nashik,Maharashtra,West,Consumer,2024-05-27
C00428,Customer 428,Kochi,Kerala,South,Corporate,2023-06-16
C00429,Customer 429,Mumbai,Maharashtra,West,Consumer,2023-08-30
C00430,Customer 430,Hyderabad,Telangana,South,Consumer,2022-05-12
C00431,Customer 431,Bhubaneswar,Odisha,East,Corporate,2024-02-07
C00432,Customer 432,Hyderabad,Telangana,South,Corporate,2023-11-05
C00433,Customer 433,Chennai,Tamil Nadu,South,Corporate,2022-08-17
C00434,Customer 434,Kochi,Kerala,South,Corporate,2022-11-16
C00435,Customer 435,Mumbai,Maharashtra,West,Corporate,2023-07-04
C00436,Customer 436,Pune,Maharashtra,West,Consumer,2022-01-12
C00437,Customer 437,Mumbai,Maharashtra,West,Consumer,2024-01-07
C00438,Customer 438,Lucknow,Uttar Pradesh,North,Corporate,2022-09-10
C00439,Customer 439,Hyderabad,Telangana,South,Consumer,2022-03-09
C00440,Customer 440,Bengaluru,Karnataka,South,Consumer,2022-10-25
C00441,Customer 441,Kochi,Kerala,South,Consumer,2024-01-23
C00442,Customer 442,Pune,Maharashtra,West,Consumer,2022-09-04
C00443,Customer 443,Chennai,Tamil Nadu,South,Consumer,2023-05-01
C00444,Customer 444,Pune,Maharashtra,West,Consumer,2024-01-01
C00445,Customer 445,Ahmedabad,Gujarat,West,Corporate,2022-01-31
C00446,Customer 446,Chennai,Tamil Nadu,South,Home Office,2023-11-15
C00447,Customer 447,Patna,Bihar,East,Consumer,2022-09-17
C00448,Customer 448,Bengaluru,Karnataka,South,Home Office,2023-09-18
C00449,Customer 449,Mumbai,Maharashtra,West,Consumer,2022-06-19
C00450,Customer 450,Bengaluru,Karnataka,South,Home Office,2022-05-06
C00451,Customer 451,Mumbai,Maharashtra,West,Home Office,2023-12-11
C00452,Customer 452,Kolkata,West Bengal,East,Consumer,2023-12-29
C00453,Customer 453,Chennai,Tamil Nadu,South,Corporate,2024-06-02
C00454,Customer 454,Pune,Maharashtra,West,Home Office,2023-09-02
C00455,Customer 455,Mumbai,Maharashtra,West,Home Office,2023-02-24
C00456,Customer 456,Pune,Maharashtra,West,Home Office,2022-06-25
C00457,Customer 457,Patna,Bihar,East,Consumer,2022-09-23
C00458,Customer 458,Jaipur,Rajasthan,North,Consumer,2023-08-07
C00459,Customer 459,Hyderabad,Telangana,South,Corporate,2022-11-08
C00460,Customer 460,Bengaluru,Karnataka,South,Corporate,2023-03-12
C00461,Customer 461,Bengaluru,Karnataka,South,Corporate,2022-06-01
C00462,Customer 462,Pune,Maharashtra,West,Consumer,2023-01-31
C00463,Customer 463,Bhubaneswar,Odisha,East,Consumer,2022-08-03
C00464,Customer 464,Ahmedabad,Gujarat,West,Consumer,2022-04-11
C00465,Customer 465,Bengaluru,Karnataka,South,Corporate,2022-04-29
C00466,Customer 466,Chennai,Tamil Nadu,South,Consumer,2023-04-12
C00467,Customer 467,Bengaluru,Karnataka,South,Corporate,2022-11-26
C00468,Customer 468,Bhubaneswar,Odisha,East,Corporate,2022-03-31
C00469,Customer 469,Pune,Maharashtra,West,Consumer,2023-04-08
C00470,Customer 470,Lucknow,Uttar Pradesh,North,Consumer,2022-05-28
C00471,Customer 471,Delhi,Delhi,North,Consumer,2022-01-14
C00472,Customer 472,Lucknow,Uttar Pradesh,North,Home Office,2022-04-30
C00473,Customer 473,Mumbai,Maharashtra,West,Corporate,2023-02-08
C00474,Customer 474,Mumbai,Maharashtra,West,Consumer,2024-05-08
C00475,Customer 475,Ahmedabad,Gujarat,West,Consumer,2022-08-06
C00476,Customer 476,Ahmedabad,Gujarat,West,Consumer,2022-09-14
C00477,Customer 477,Delhi,Delhi,North,Consumer,2022-08-07
C00478,Customer 478,Bengaluru,Karnataka,South,Home Office,2022-11-16
C00479,Customer 479,Bengaluru,Karnataka,South,Corporate,2023-10-08
C00480,Customer 480,Delhi,Delhi,North,Consumer,2022-10-17
C00481,Customer 481,Delhi,Delhi,North,Home Office,2023-08-15
C00482,Customer 482,Pune,Maharashtra,West,Consumer,2024-03-19
C00483,Customer 483,Bengaluru,Karnataka,South,Home Office,2024-05-01
C00484,Customer 484,Delhi,Delhi,North,Consumer,2023-05-22
C00485,Customer 485,Mumbai,Maharashtra,West,Corporate,2023-10-04
C00486,Customer 486,Delhi,Delhi,North,Home Office,2024-04-07
C00487,Customer 487,Lucknow,Uttar Pradesh,North,Consumer,2023-12-10
C00488,Customer 488,Nashik,Maharashtra,West,Corporate,2022-09-27
C00489,Customer 489,Bengaluru,Karnataka,South,Home Office,2022-04-29
C00490,Customer 490,Bengaluru,Karnataka,South,Consumer,2022-04-14
C00491,Customer 491,Chennai,Tamil Nadu,South,Consumer,2024-03-04
C00492,Customer 492,Bengaluru,Karnataka,South,Corporate,2023-05-16
C00493,Customer 493,Bengaluru,Karnataka,South,Consumer,2022-09-24
C00494,Customer 494,Delhi,Delhi,North,Consumer,2022-11-07
C00495,Customer 495,Hyderabad,Telangana,South,Consumer,2022-09-11
C00496,Customer 496,Bengaluru,Karnataka,South,Corporate,2023-12-23
C00497,Customer 497,Jaipur,Rajasthan,North,Consumer,2023-07-06
C00498,Customer 498,Bengaluru,Karnataka,South,Consumer,2024-03-02
C00499,Customer 499,Delhi,Delhi,North,Corporate,2022-09-29
C00500,Customer 500,Chandigarh,Chandigarh,North,Consumer,2023-03-02
C00501,Customer 501,Chennai,Tamil Nadu,South,Corporate,2022-04-20
C00502,Customer 502,Kolkata,West Bengal,East,Consumer,2024-05-24
C00503,Customer 503,Bhubaneswar,Odisha,East,Home Office,2023-04-06
C00504,Customer 504,Lucknow,Uttar Pradesh,North,Corporate,2023-05-13
C00505,Customer 505,Chandigarh,Chandigarh,North,Consumer,2023-01-08
C00506,Customer 506,Hyderabad,Telangana,South,Home Office,2022-09-01
C00507,Customer 507,Delhi,Delhi,North,Consumer,2024-05-03
C00508,Customer 508,Kochi,Kerala,South,Consumer,2023-03-17
C00509,Customer 509,Lucknow,Uttar Pradesh,North,Consumer,2023-08-31
C00510,Customer 510,Mumbai,Maharashtra,West,Corporate,2022-02-03
C00511,Customer 511,Mumbai,Maharashtra,West,Consumer,2022-09-06
C00512,Customer 512,Kochi,Kerala,South,Consumer,2023-12-25
C00513,Customer 513,Mumbai,Maharashtra,West,Consumer,2022-03-21
C00514,Customer 514,Ahmedabad,Gujarat,West,Consumer,2022-04-02
C00515,Customer 515,Delhi,Delhi,North,Consumer,2023-12-30
C00516,Customer 516,Pune,Maharashtra,West,Consumer,2022-10-05
C00517,Customer 517,Delhi,Delhi,North,Consumer,2022-09-04
C00518,Customer 518,Hyderabad,Telangana,South,Consumer,2023-05-24
C00519,Customer 519,Mumbai,Maharashtra,West,Corporate,2022-06-25
C00520,Customer 520,Hyderabad,Telangana,South,Consumer,2022-02-08
C00521,Customer 521,Kochi,Kerala,South,Corporate,2022-01-05
C00522,Customer 522,Delhi,Delhi,North,Consumer,2022-03-13
C00523,Customer 523,Pune,Maharashtra,West,Consumer,2022-05-23
C00524,Customer 524,Bengaluru,Karnataka,South,Consumer,2023-09-19
C00525,Customer 525,Mumbai,Maharashtra,West,Consumer,2022-09-26
C00526,Customer 526,Delhi,Delhi,North,Consumer,2022-03-06
C00527,Customer 527,Patna,Bihar,East,Corporate,2022-01-13
C00528,Customer 528,Patna,Bihar,East,Consumer,2023-03-06
C00529,Customer 529,Hyderabad,Telangana,South,Consumer,2024-01-27
C00530,Customer 530,Delhi,Delhi,North,Consumer,2022-11-01
C00531,Customer 531,Chennai,Tamil Nadu,South,Consumer,2022-02-27
C00532,Customer 532,Chennai,Tamil Nadu,South,Consumer,2022-07-25
C00533,Customer 533,Delhi,Delhi,North,Consumer,2023-03-26
C00534,Customer 534,Bengaluru,Karnataka,South,Consumer,2022-06-19
C00535,Customer 535,Mumbai,Maharashtra,West,Consumer,2024-05-30
C00536,Customer 536,Pune,Maharashtra,West,Corporate,2023-11-19
C00537,Customer 537,Chandigarh,Chandigarh,North,Home Office,2022-11-07
C00538,Customer 538,Pune,Maharashtra,West,Consumer,2024-05-06
C00539,Customer 539,Pune,Maharashtra,West,Corporate,2022-10-20
C00540,Customer 540,Kochi,Kerala,South,Corporate,2022-05-07
C00541,Customer 541,Patna,Bihar,East,Consumer,2024-04-24
C00542,Customer 542,Bengaluru,Karnataka,South,Corporate,2024-05-13
C00543,Customer 543,Kochi,Kerala,South,Corporate,2022-10-09
C00544,Customer 544,Patna,Bihar,East,Home Office,2023-06-20
C00545,Customer 545,Pune,Maharashtra,West,Home Office,2022-06-05
C00546,Customer 546,Jaipur,Rajasthan,North,Consumer,2023-08-01
C00547,Customer 547,Delhi,Delhi,North,Consumer,2023-09-14
C00548,Customer 548,Mumbai,Maharashtra,West,Consumer,2023-10-01
C00549,Customer 549,Hyderabad,Telangana,South,Consumer,2023-05-27
C00550,Customer 550,Jaipur,Rajasthan,North,Consumer,2023-09-26
C00551,Customer 551,Jaipur,Rajasthan,North,Home Office,2023-05-15
C00552,Customer 552,Pune,Maharashtra,West,Consumer,2024-01-08
C00553,Customer 553,Pune,Maharashtra,West,Consumer,2022-06-11
C00554,Customer 554,Kolkata,West Bengal,East,Corporate,2023-03-12
C00555,Customer 555,Mumbai,Maharashtra,West,Consumer,2023-01-10
C00556,Customer 556,Nashik,Maharashtra,West,Consumer,2023-04-26
C00557,Customer 557,Ahmedabad,Gujarat,West,Home Office,2022-05-08
C00558,Customer 558,Lucknow,Uttar Pradesh,North,Consumer,2022-10-19
C00559,Customer 559,Bengaluru,Karnataka,South,Consumer,2024-05-08
C00560,Customer 560,Lucknow,Uttar Pradesh,North,Consumer,2022-04-05
C00561,Customer 561,Mumbai,Maharashtra,West,Home Office,2023-07-26
C00562,Customer 562,Nashik,Maharashtra,West,Consumer,2023-08-22
C00563,Customer 563,Kochi,Kerala,South,Consumer,2023-03-04
C00564,Customer 564,Bengaluru,Karnataka,South,Consumer,2022-01-31
C00565,Customer 565,Bengaluru,Karnataka,South,Consumer,2022-01-31
C00566,Customer 566,Chennai,Tamil Nadu,South,Home Office,2022-09-06
C00567,Customer 567,Hyderabad,Telangana,South,Consumer,2022-04-03
C00568,Customer 568,Mumbai,Maharashtra,West,Home Office,2022-03-26
C00569,Customer 569,Delhi,Delhi,North,Consumer,2022-05-25
C00570,Customer 570,Chandigarh,Chandigarh,North,Consumer,2022-06-21
C00571,Customer 571,Delhi,Delhi,North,Home Office,2024-01-25
C00572,Customer 572,Kochi,Kerala,South,Consumer,2023-07-29
C00573,Customer 573,Lucknow,Uttar Pradesh,North,Consumer,2022-01-28
C00574,Customer 574,Hyderabad,Telangana,South,Home Office,2023-07-20
C00575,Customer 575,Kochi,Kerala,South,Consumer,2022-05-04
C00576,Customer 576,Lucknow,Uttar Pradesh,North,Consumer,2023-01-14
C00577,Customer 577,Kolkata,West Bengal,East,Home Office,2022-02-04
C00578,Customer 578,Bengaluru,Karnataka,South,Consumer,2022-03-23
C00579,Customer 579,Kochi,Kerala,South,Consumer,2022-04-30
C00580,Customer 580,Delhi,Delhi,North,Consumer,2023-01-26
C00581,Customer 581,Lucknow,Uttar Pradesh,North,Consumer,2023-02-21
C00582,Customer 582,Chandigarh,Chandigarh,North,Consumer,2022-11-14
C00583,Customer 583,Mumbai,Maharashtra,West,Corporate,2023-07-13
C00584,Customer 584,Delhi,Delhi,North,Consumer,2023-10-11
C00585,Customer 585,Kolkata,West Bengal,East,Corporate,2023-10-18
C00586,Customer 586,Bengaluru,Karnataka,South,Consumer,2023-06-06
C00587,Customer 587,Pune,Maharashtra,West,Consumer,2023-05-07
C00588,Customer 588,Delhi,Delhi,North,Consumer,2023-03-19
C00589,Customer 589,Pune,Maharashtra,West,Corporate,2022-08-03
C00590,Customer 590,Mumbai,Maharashtra,West,Consumer,2023-03-15
C00591,Customer 591,Bhubaneswar,Odisha,East,Consumer,2022-01-10
C00592,Customer 592,Jaipur,Rajasthan,North,Home Office,2024-05-19
C00593,Customer 593,Ahmedabad,Gujarat,West,Consumer,2022-11-30
C00594,Customer 594,Bengaluru,Karnataka,South,Consumer,2023-11-12
C00595,Customer 595,Mumbai,Maharashtra,West,Home Office,2024-05-11
C00596,Customer 596,Ahmedabad,Gujarat,West,Consumer,2023-03-24
C00597,Customer 597,Chennai,Tamil Nadu,South,Consumer,2024-02-15
C00598,Customer 598,Bengaluru,Karnataka,South,Consumer,2023-03-08
C00599,Customer 599,Patna,Bihar,East,Consumer,2022-04-30
C00600,Customer 600,Bengaluru,Karnataka,South,Consumer,2022-01-24
C00601,Customer 601,Lucknow,Uttar Pradesh,North,Corporate,2022-05-03
C00602,Customer 602,Hyderabad,Telangana,South,Consumer,2024-04-28
C00603,Customer 603,Kolkata,West Bengal,East,Corporate,2023-03-04
C00604,Customer 604,Chennai,Tamil Nadu,South,Home Office,2022-10-15
C00605,Customer 605,Patna,Bihar,East,Corporate,2023-02-06
C00606,Customer 606,Hyderabad,Telangana,South,Corporate,2022-08-19
C00607,Customer 607,Kolkata,West Bengal,East,Corporate,2024-02-23
C00608,Customer 608,Mumbai,Maharashtra,West,Home Office,2024-06-18
C00609,Customer 609,Chennai,Tamil Nadu,South,Consumer,2022-03-18
C00610,Customer 610,Jaipur,Rajasthan,North,Consumer,2023-10-09
C00611,Customer 611,Bengaluru,Karnataka,South,Consumer,2022-10-30
C00612,Customer 612,Bengaluru,Karnataka,South,Consumer,2022-02-12
C00613,Customer 613,Patna,Bihar,East,Consumer,2024-04-09
C00614,Customer 614,Patna,Bihar,East,Corporate,2022-02-25
C00615,Customer 615,Ahmedabad,Gujarat,West,Consumer,2022-07-05
C00616,Customer 616,Chennai,Tamil Nadu,South,Home Office,2022-01-23
C00617,Customer 617,Hyderabad,Telangana,South,Consumer,2023-03-01
C00618,Customer 618,Delhi,Delhi,North,Consumer,2023-06-24
C00619,Customer 619,Mumbai,Maharashtra,West,Consumer,2022-10-16
C00620,Customer 620,Mumbai,Maharashtra,West,Consumer,2022-03-06
C00621,Customer 621,Hyderabad,Telangana,South,Consumer,2022-04-15
C00622,Customer 622,Lucknow,Uttar Pradesh,North,Consumer,2024-04-20
C00623,Customer 623,Patna,Bihar,East,Consumer,2023-12-27
C00624,Customer 624,Jaipur,Rajasthan,North,Consumer,2024-04-23
C00625,Customer 625,Patna,Bihar,East,Consumer,2023-04-23
C00626,Customer 626,Delhi,Delhi,North,Consumer,2023-05-07
C00627,Customer 627,Hyderabad,Telangana,South,Consumer,2023-12-09
C00628,Customer 628,Mumbai,Maharashtra,West,Consumer,2023-07-09
C00629,Customer 629,Bengaluru,Karnataka,South,Consumer,2023-01-28
C00630,Customer 630,Hyderabad,Telangana,South,Consumer,2022-09-20
C00631,Customer 631,Bhubaneswar,Odisha,East,Consumer,2023-03-13
C00632,Customer 632,Hyderabad,Telangana,South,Corporate,2022-02-27
C00633,Customer 633,Mumbai,Maharashtra,West,Home Office,2022-06-23
C00634,Customer 634,Delhi,Delhi,North,Home Office,2023-10-26
C00635,Customer 635,Mumbai,Maharashtra,West,Consumer,2024-02-21
C00636,Customer 636,Mumbai,Maharashtra,West,Consumer,2022-04-02
C00637,Customer 637,Chennai,Tamil Nadu,South,Consumer,2022-03-29
C00638,Customer 638,Chennai,Tamil Nadu,South,Corporate,2022-03-19
C00639,Customer 639,Hyderabad,Telangana,South,Corporate,2023-12-14
C00640,Customer 640,Kolkata,West Bengal,East,Corporate,2022-10-08
C00641,Customer 641,Chennai,Tamil Nadu,South,Home Office,2022-10-22
C00642,Customer 642,Hyderabad,Telangana,South,Consumer,2022-01-12
C00643,Customer 643,Mumbai,Maharashtra,West,Corporate,2024-05-25
C00644,Customer 644,Nashik,Maharashtra,West,Corporate,2023-01-26
C00645,Customer 645,Bengaluru,Karnataka,South,Consumer,2023-12-19
C00646,Customer 646,Kochi,Kerala,South,Home Office,2023-09-29
C00647,Customer 647,Mumbai,Maharashtra,West,Consumer,2022-05-08
C00648,Customer 648,Chandigarh,Chandigarh,North,Home Office,2023-12-23
C00649,Customer 649,Chennai,Tamil Nadu,South,Corporate,2023-05-11
C00650,Customer 650,Mumbai,Maharashtra,West,Consumer,2023-06-28
C00651,Customer 651,Delhi,Delhi,North,Corporate,2022-06-30
C00652,Customer 652,Kolkata,West Bengal,East,Consumer,2024-02-02
C00653,Customer 653,Chennai,Tamil Nadu,South,Corporate,2024-04-18
C00654,Customer 654,Nashik,Maharashtra,West,Corporate,2023-01-01
C00655,Customer 655,Kochi,Kerala,South,Corporate,2022-03-25
C00656,Customer 656,Delhi,Delhi,North,Home Office,2024-02-03
C00657,Customer 657,Kochi,Kerala,South,Consumer,2024-03-09
C00658,Customer 658,Ahmedabad,Gujarat,West,Consumer,2023-04-01
C00659,Customer 659,Bengaluru,Karnataka,South,Consumer,2023-06-06
C00660,Customer 660,Delhi,Delhi,North,Consumer,2022-07-20
C00661,Customer 661,Ahmedabad,Gujarat,West,Consumer,2022-03-02
C00662,Customer 662,Kolkata,West Bengal,East,Consumer,2024-04-29
C00663,Customer 663,Pune,Maharashtra,West,Consumer,2023-03-11
C00664,Customer 664,Mumbai,Maharashtra,West,Consumer,2022-09-05
C00665,Customer 665,Delhi,Delhi,North,Home Office,2023-09-16
C00666,Customer 666,Chennai,Tamil Nadu,South,Consumer,2022-01-24
C00667,Customer 667,Hyderabad,Telangana,South,Home Office,2022-03-13
C00668,Customer 668,Patna,Bihar,East,Consumer,2022-08-07
C00669,Customer 669,Ahmedabad,Gujarat,West,Consumer,2023-02-10
C00670,Customer 670,Delhi,Delhi,North,Consumer,2022-11-27
C00671,Customer 671,Mumbai,Maharashtra,West,Consumer,2022-06-18
C00672,Customer 672,Bengaluru,Karnataka,South,Consumer,2022-11-13
C00673,Customer 673,Patna,Bihar,East,Consumer,2022-10-28
C00674,Customer 674,Chennai,Tamil Nadu,South,Consumer,2023-04-18
C00675,Customer 675,Bengaluru,Karnataka,South,Consumer,2023-05-22
C00676,Customer 676,Delhi,Delhi,North,Consumer,2024-03-05
C00677,Customer 677,Kolkata,West Bengal,East,Consumer,2023-12-28
C00678,Customer 678,Lucknow,Uttar Pradesh,North,Corporate,2022-09-21
C00679,Customer 679,Mumbai,Maharashtra,West,Consumer,2024-03-23
C00680,Customer 680,Delhi,Delhi,North,Home Office,2023-04-14
C00681,Customer 681,Mumbai,Maharashtra,West,Corporate,2022-06-18
C00682,Customer 682,Pune,Maharashtra,West,Home Office,2022-11-03
C00683,Customer 683,Mumbai,Maharashtra,West,Corporate,2023-10-30
C00684,Customer 684,Jaipur,Rajasthan,North,Consumer,2024-01-10
C00685,Customer 685,Bengaluru,Karnataka,South,Consumer,2022-12-03
C00686,Customer 686,Delhi,Delhi,North,Consumer,2022-05-22
C00687,Customer 687,Delhi,Delhi,North,Corporate,2022-06-22
C00688,Customer 688,Patna,Bihar,East,Consumer,2022-04-04
C00689,Customer 689,Hyderabad,Telangana,South,Consumer,2023-09-21
C00690,Customer 690,Bengaluru,Karnataka,South,Home Office,2023-03-29
C00691,Customer 691,Ahmedabad,Gujarat,West,Consumer,2023-02-11
C00692,Customer 692,Kolkata,West Bengal,East,Consumer,2023-08-28
C00693,Customer 693,Nashik,Maharashtra,West,Corporate,2024-01-16
C00694,Customer 694,Delhi,Delhi,North,Consumer,2023-12-17
C00695,Customer 695,Kolkata,West Bengal,East,Consumer,2022-05-04
C00696,Customer 696,Chandigarh,Chandigarh,North,Corporate,2023-06-15
C00697,Customer 697,Hyderabad,Telangana,South,Consumer,2024-03-05
C00698,Customer 698,Bengaluru,Karnataka,South,Consumer,2023-11-28
C00699,Customer 699,Bengaluru,Karnataka,South,Consumer,2022-10-24
C00700,Customer 700,Ahmedabad,Gujarat,West,Corporate,2022-12-20
C00701,Customer 701,Nashik,Maharashtra,West,Consumer,2024-03-12
C00702,Customer 702,Delhi,Delhi,North,Home Office,2022-01-30
C00703,Customer 703,Pune,Maharashtra,West,Home Office,2023-04-18
C00704,Customer 704,Kolkata,West Bengal,East,Consumer,2022-04-15
C00705,Customer 705,Ahmedabad,Gujarat,West,Consumer,2024-03-16
C00706,Customer 706,Bengaluru,Karnataka,South,Consumer,2022-02-04
C00707,Customer 707,Hyderabad,Telangana,South,Corporate,2022-01-22
C00708,Customer 708,Hyderabad,Telangana,South,Consumer,2022-10-24
C00709,Customer 709,Jaipur,Rajasthan,North,Consumer,2022-06-30
C00710,Customer 710,Lucknow,Uttar Pradesh,North,Consumer,2023-03-22
C00711,Customer 711,Patna,Bihar,East,Home Office,2022-09-27
C00712,Customer 712,Chennai,Tamil Nadu,South,Consumer,2022-11-17
C00713,Customer 713,Hyderabad,Telangana,South,Home Office,2023-05-24
C00714,Customer 714,Kolkata,West Bengal,East,Consumer,2023-05-20
C00715,Customer 715,Hyderabad,Telangana,South,Home Office,2024-04-21
C00716,Customer 716,Pune,Maharashtra,West,Consumer,2023-03-09
C00717,Customer 717,Bengaluru,Karnataka,South,Consumer,2023-05-23
C00718,Customer 718,Mumbai,Maharashtra,West,Home Office,2023-09-03
C00719,Customer 719,Bengaluru,Karnataka,South,Home Office,2022-06-06
C00720,Customer 720,Patna,Bihar,East,Consumer,2023-08-24
C00721,Customer 721,Chandigarh,Chandigarh,North,Consumer,2024-02-15
C00722,Customer 722,Jaipur,Rajasthan,North,Consumer,2022-10-14
C00723,Customer 723,Mumbai,Maharashtra,West,Consumer,2022-06-10
C00724,Customer 724,Patna,Bihar,East,Consumer,2022-11-08
C00725,Customer 725,Mumbai,Maharashtra,West,Home Office,2022-09-05
C00726,Customer 726,Mumbai,Maharashtra,West,Consumer,2023-06-11
C00727,Customer 727,Nashik,Maharashtra,West,Corporate,2024-02-17
C00728,Customer 728,Mumbai,Maharashtra,West,Consumer,2023-06-21
C00729,Customer 729,Jaipur,Rajasthan,North,Consumer,2022-04-23
C00730,Customer 730,Chandigarh,Chandigarh,North,Corporate,2022-10-11
C00731,Customer 731,Delhi,Delhi,North,Consumer,2023-09-13
C00732,Customer 732,Mumbai,Maharashtra,West,Corporate,2022-10-25
C00733,Customer 733,Mumbai,Maharashtra,West,Consumer,2023-06-12
C00734,Customer 734,Delhi,Delhi,North,Home Office,2023-09-17
C00735,Customer 735,Mumbai,Maharashtra,West,Corporate,2022-10-24
C00736,Customer 736,Chennai,Tamil Nadu,South,Home Office,2023-08-06
C00737,Customer 737,Pune,Maharashtra,West,Consumer,2022-12-25
C00738,Customer 738,Ahmedabad,Gujarat,West,Consumer,2022-05-02
C00739,Customer 739,Delhi,Delhi,North,Consumer,2022-12-01
C00740,Customer 740,Delhi,Delhi,North,Consumer,2023-02-01
C00741,Customer 741,Mumbai,Maharashtra,West,Consumer,2022-01-03
C00742,Customer 742,Mumbai,Maharashtra,West,Consumer,2024-03-14
C00743,Customer 743,Kolkata,West Bengal,East,Consumer,2023-04-21
C00744,Customer 744,Mumbai,Maharashtra,West,Consumer,2022-02-02
C00745,Customer 745,Lucknow,Uttar Pradesh,North,Consumer,2024-02-21
C00746,Customer 746,Lucknow,Uttar Pradesh,North,Consumer,2024-02-09
C00747,Customer 747,Delhi,Delhi,North,Consumer,2022-01-11
C00748,Customer 748,Jaipur,Rajasthan,North,Corporate,2022-05-27
C00749,Customer 749,Hyderabad,Telangana,South,Consumer,2022-11-24
C00750,Customer 750,Kochi,Kerala,South,Consumer,2023-04-02
C00751,Customer 751,Ahmedabad,Gujarat,West,Consumer,2023-10-16
C00752,Customer 752,Delhi,Delhi,North,Corporate,2023-01-17
C00753,Customer 753,Nashik,Maharashtra,West,Consumer,2023-07-05
C00754,Customer 754,Lucknow,Uttar Pradesh,North,Consumer,2022-01-10
C00755,Customer 755,Chennai,Tamil Nadu,South,Home Office,2023-08-16
C00756,Customer 756,Nashik,Maharashtra,West,Consumer,2024-04-03
C00757,Customer 757,Delhi,Delhi,North,Home Office,2023-04-19
C00758,Customer 758,Bhubaneswar,Odisha,East,Corporate,2023-02-14
C00759,Customer 759,Mumbai,Maharashtra,West,Consumer,2022-09-25
C00760,Customer 760,Jaipur,Rajasthan,North,Consumer,2024-05-08
C00761,Customer 761,Chennai,Tamil Nadu,South,Corporate,2022-01-30
C00762,Customer 762,Pune,Maharashtra,West,Home Office,2022-09-16
C00763,Customer 763,Mumbai,Maharashtra,West,Consumer,2022-05-05
C00764,Customer 764,Mumbai,Maharashtra,West,Consumer,2024-02-19
C00765,Customer 765,Kolkata,West Bengal,East,Consumer,2023-03-11
C00766,Customer 766,Mumbai,Maharashtra,West,Consumer,2024-04-10
C00767,Customer 767,Pune,Maharashtra,West,Corporate,2023-08-22
C00768,Customer 768,Mumbai,Maharashtra,West,Consumer,2023-05-17
C00769,Customer 769,Mumbai,Maharashtra,West,Corporate,2023-04-11
C00770,Customer 770,Bengaluru,Karnataka,South,Home Office,2022-07-02
C00771,Customer 771,Nashik,Maharashtra,West,Corporate,2023-05-21
C00772,Customer 772,Bengaluru,Karnataka,South,Corporate,2023-09-09
C00773,Customer 773,Bengaluru,Karnataka,South,Corporate,2024-05-18
C00774,Customer 774,Kochi,Kerala,South,Corporate,2023-05-10
C00775,Customer 775,Mumbai,Maharashtra,West,Home Office,2024-04-24
C00776,Customer 776,Kochi,Kerala,South,Consumer,2024-04-30
C00777,Customer 777,Bengaluru,Karnataka,South,Consumer,2023-04-16
C00778,Customer 778,Pune,Maharashtra,West,Consumer,2023-01-31
C00779,Customer 779,Hyderabad,Telangana,South,Home Office,2022-05-09
C00780,Customer 780,Kochi,Kerala,South,Corporate,2022-08-30
C00781,Customer 781,Ahmedabad,Gujarat,West,Consumer,2024-03-02
C00782,Customer 782,Kolkata,West Bengal,East,Consumer,2022-05-05
C00783,Customer 783,Jaipur,Rajasthan,North,Consumer,2022-12-24
C00784,Customer 784,Bengaluru,Karnataka,South,Corporate,2023-09-21
C00785,Customer 785,Patna,Bihar,East,Consumer,2022-08-05
C00786,Customer 786,Delhi,Delhi,North,Consumer,2024-05-26
C00787,Customer 787,Hyderabad,Telangana,South,Home Office,2023-08-08
C00788,Customer 788,Delhi,Delhi,North,Corporate,2022-01-26
C00789,Customer 789,Hyderabad,Telangana,South,Consumer,2022-08-11
C00790,Customer 790,Bengaluru,Karnataka,South,Consumer,2023-10-29
C00791,Customer 791,Pune,Maharashtra,West,Home Office,2024-02-16
C00792,Customer 792,Delhi,Delhi,North,Corporate,2024-04-14
C00793,Customer 793,Delhi,Delhi,North,Corporate,2024-02-06
C00794,Customer 794,Mumbai,Maharashtra,West,Consumer,2022-03-09
C00795,Customer 795,Mumbai,Maharashtra,West,Consumer,2023-10-19
C00796,Customer 796,Delhi,Delhi,North,Consumer,2022-04-10
C00797,Customer 797,Mumbai,Maharashtra,West,Corporate,2022-03-10
C00798,Customer 798,Pune,Maharashtra,West,Consumer,2023-09-15
C00799,Customer 799,Chennai,Tamil Nadu,South,Consumer,2023-03-07
C00800,Customer 800,Chennai,Tamil Nadu,South,Corporate,2023-08-07
C00801,Customer 801,Chennai,Tamil Nadu,South,Home Office,2024-02-06
C00802,Customer 802,Delhi,Delhi,North,Corporate,2022-03-03
C00803,Customer 803,Kolkata,West Bengal,East,Consumer,2023-04-20
C00804,Customer 804,Bengaluru,Karnataka,South,Consumer,2024-01-21
C00805,Customer 805,Mumbai,Maharashtra,West,Consumer,2023-02-01
C00806,Customer 806,Pune,Maharashtra,West,Consumer,2023-04-17
C00807,Customer 807,Chennai,Tamil Nadu,South,Consumer,2023-03-25
C00808,Customer 808,Pune,Maharashtra,West,Consumer,2024-03-27
C00809,Customer 809,Lucknow,Uttar Pradesh,North,Consumer,2022-02-14
C00810,Customer 810,Patna,Bihar,East,Home Office,2024-03-01
C00811,Customer 811,Mumbai,Maharashtra,West,Home Office,2024-01-05
C00812,Customer 812,Mumbai,Maharashtra,West,Consumer,2024-01-02
C00813,Customer 813,Patna,Bihar,East,Consumer,2023-01-07
C00814,Customer 814,Bengaluru,Karnataka,South,Consumer,2023-04-10
C00815,Customer 815,Mumbai,Maharashtra,West,Consumer,2022-11-29
C00816,Customer 816,Kolkata,West Bengal,East,Consumer,2022-08-15
C00817,Customer 817,Kolkata,West Bengal,East,Consumer,2024-02-27
C00818,Customer 818,Chandigarh,Chandigarh,North,Corporate,2023-04-01
C00819,Customer 819,Bengaluru,Karnataka,South,Consumer,2023-10-14
C00820,Customer 820,Ahmedabad,Gujarat,West,Home Office,2022-04-01
C00821,Customer 821,Mumbai,Maharashtra,West,Consumer,2023-12-12
C00822,Customer 822,Bengaluru,Karnataka,South,Consumer,2023-08-16
C00823,Customer 823,Ahmedabad,Gujarat,West,Consumer,2024-06-16
C00824,Customer 824,Chennai,Tamil Nadu,South,Consumer,2022-05-01
C00825,Customer 825,Kochi,Kerala,South,Consumer,2023-05-02
C00826,Customer 826,Mumbai,Maharashtra,West,Home Office,2023-04-06
C00827,Customer 827,Bengaluru,Karnataka,South,Consumer,2023-04-30
C00828,Customer 828,Nashik,Maharashtra,West,Consumer,2022-02-18
C00829,Customer 829,Kolkata,West Bengal,East,Consumer,2023-03-02
C00830,Customer 830,Ahmedabad,Gujarat,West,Consumer,2022-09-27
C00831,Customer 831,Bengaluru,Karnataka,South,Consumer,2023-07-10
C00832,Customer 832,Bengaluru,Karnataka,South,Consumer,2022-07-28
C00833,Customer 833,Delhi,Delhi,North,Corporate,2023-01-27
C00834,Customer 834,Chennai,Tamil Nadu,South,Consumer,2023-07-13
C00835,Customer 835,Chennai,Tamil Nadu,South,Consumer,2022-02-27
C00836,Customer 836,Bengaluru,Karnataka,South,Corporate,2023-12-10
C00837,Customer 837,Hyderabad,Telangana,South,Home Office,2023-10-07
C00838,Customer 838,Patna,Bihar,East,Consumer,2022-02-21
C00839,Customer 839,Delhi,Delhi,North,Consumer,2022-02-28
C00840,Customer 840,Chandigarh,Chandigarh,North,Consumer,2024-02-05
C00841,Customer 841,Mumbai,Maharashtra,West,Consumer,2022-09-12
C00842,Customer 842,Hyderabad,Telangana,South,Consumer,2024-02-14
C00843,Customer 843,Chandigarh,Chandigarh,North,Corporate,2023-03-26
C00844,Customer 844,Delhi,Delhi,North,Consumer,2022-11-05
C00845,Customer 845,Mumbai,Maharashtra,West,Corporate,2022-09-04
C00846,Customer 846,Kolkata,West Bengal,East,Consumer,2023-08-17
C00847,Customer 847,Delhi,Delhi,North,Home Office,2022-04-09
C00848,Customer 848,Chennai,Tamil Nadu,South,Corporate,2022-12-29
C00849,Customer 849,Pune,Maharashtra,West,Consumer,2022-11-08
C00850,Customer 850,Patna,Bihar,East,Consumer,2022-05-19
C00851,Customer 851,Pune,Maharashtra,West,Consumer,2022-11-14
C00852,Customer 852,Pune,Maharashtra,West,Home Office,2023-04-21
C00853,Customer 853,Kochi,Kerala,South,Consumer,2023-09-02
C00854,Customer 854,Kolkata,West Bengal,East,Consumer,2022-03-19
C00855,Customer 855,Pune,Maharashtra,West,Consumer,2024-02-25
C00856,Customer 856,Jaipur,Rajasthan,North,Corporate,2024-03-01
C00857,Customer 857,Chennai,Tamil Nadu,South,Consumer,2023-09-15
C00858,Customer 858,Kolkata,West Bengal,East,Consumer,2024-04-11
C00859,Customer 859,Delhi,Delhi,North,Home Office,2023-01-21
C00860,Customer 860,Chandigarh,Chandigarh,North,Consumer,2024-01-10
C00861,Customer 861,Hyderabad,Telangana,South,Corporate,2023-10-17
C00862,Customer 862,Chennai,Tamil Nadu,South,Consumer,2023-05-22
C00863,Customer 863,Hyderabad,Telangana,South,Consumer,2022-06-11
C00864,Customer 864,Bengaluru,Karnataka,South,Home Office,2023-05-17
C00865,Customer 865,Mumbai,Maharashtra,West,Corporate,2024-03-22
C00866,Customer 866,Kolkata,West Bengal,East,Corporate,2024-06-05
C00867,Customer 867,Kolkata,West Bengal,East,Consumer,2023-02-08
C00868,Customer 868,Hyderabad,Telangana,South,Consumer,2022-08-12
C00869,Customer 869,Mumbai,Maharashtra,West,Consumer,2023-11-04
C00870,Customer 870,Pune,Maharashtra,West,Consumer,2022-03-10
C00871,Customer 871,Hyderabad,Telangana,South,Consumer,2022-05-16
C00872,Customer 872,Mumbai,Maharashtra,West,Consumer,2023-05-21
C00873,Customer 873,Patna,Bihar,East,Consumer,2024-06-10
C00874,Customer 874,Delhi,Delhi,North,Consumer,2022-10-23
C00875,Customer 875,Chennai,Tamil Nadu,South,Consumer,2023-02-03
C00876,Customer 876,Kolkata,West Bengal,East,Consumer,2022-10-18
C00877,Customer 877,Delhi,Delhi,North,Home Office,2023-02-01
C00878,Customer 878,Delhi,Delhi,North,Corporate,2022-01-07
C00879,Customer 879,Bengaluru,Karnataka,South,Consumer,2023-06-20
C00880,Customer 880,Bengaluru,Karnataka,South,Corporate,2023-06-21
C00881,Customer 881,Delhi,Delhi,North,Corporate,2022-10-12
C00882,Customer 882,Bengaluru,Karnataka,South,Consumer,2022-08-26
C00883,Customer 883,Bhubaneswar,Odisha,East,Consumer,2023-11-17
C00884,Customer 884,Jaipur,Rajasthan,North,Consumer,2022-06-19
C00885,Customer 885,Pune,Maharashtra,West,Consumer,2022-02-12
C00886,Customer 886,Delhi,Delhi,North,Corporate,2022-02-06
C00887,Customer 887,Delhi,Delhi,North,Home Office,2024-03-04
C00888,Customer 888,Mumbai,Maharashtra,West,Consumer,2022-11-24
C00889,Customer 889,Pune,Maharashtra,West,Corporate,2022-04-02
C00890,Customer 890,Chennai,Tamil Nadu,South,Consumer,2024-03-02
C00891,Customer 891,Delhi,Delhi,North,Consumer,2022-05-14
C00892,Customer 892,Patna,Bihar,East,Corporate,2022-10-31
C00893,Customer 893,Nashik,Maharashtra,West,Consumer,2022-01-19
C00894,Customer 894,Mumbai,Maharashtra,West,Consumer,2023-09-04
C00895,Customer 895,Hyderabad,Telangana,South,Consumer,2023-09-22
C00896,Customer 896,Kolkata,West Bengal,East,Home Office,2023-11-12
C00897,Customer 897,Ahmedabad,Gujarat,West,Consumer,2022-08-25
C00898,Customer 898,Pune,Maharashtra,West,Consumer,2022-10-23
C00899,Customer 899,Pune,Maharashtra,West,Consumer,2024-04-24
C00900,Customer 900,Chandigarh,Chandigarh,North,Consumer,2024-01-10
C00901,Customer 901,Jaipur,Rajasthan,North,Consumer,2022-02-03
C00902,Customer 902,Ahmedabad,Gujarat,West,Corporate,2023-09-15
C00903,Customer 903,Mumbai,Maharashtra,West,Corporate,2024-01-02
C00904,Customer 904,Lucknow,Uttar Pradesh,North,Home Office,2023-05-19
C00905,Customer 905,Patna,Bihar,East,Corporate,2023-07-30
C00906,Customer 906,Bengaluru,Karnataka,South,Consumer,2022-01-01
C00907,Customer 907,Lucknow,Uttar Pradesh,North,Consumer,2022-01-28
C00908,Customer 908,Mumbai,Maharashtra,West,Consumer,2022-02-01
C00909,Customer 909,Ahmedabad,Gujarat,West,Consumer,2022-05-24
C00910,Customer 910,Ahmedabad,Gujarat,West,Home Office,2024-06-10
C00911,Customer 911,Hyderabad,Telangana,South,Corporate,2023-07-25
C00912,Customer 912,Kolkata,West Bengal,East,Home Office,2023-12-06
C00913,Customer 913,Kolkata,West Bengal,East,Consumer,2022-09-24
C00914,Customer 914,Patna,Bihar,East,Consumer,2024-04-23
C00915,Customer 915,Patna,Bihar,East,Consumer,2022-06-29
C00916,Customer 916,Patna,Bihar,East,Consumer,2024-03-23
C00917,Customer 917,Mumbai,Maharashtra,West,Consumer,2022-01-28
C00918,Customer 918,Mumbai,Maharashtra,West,Consumer,2022-01-19
C00919,Customer 919,Ahmedabad,Gujarat,West,Consumer,2022-03-13
C00920,Customer 920,Bengaluru,Karnataka,South,Home Office,2023-12-14
C00921,Customer 921,Mumbai,Maharashtra,West,Consumer,2022-08-20
C00922,Customer 922,Kochi,Kerala,South,Consumer,2023-02-11
C00923,Customer 923,Bengaluru,Karnataka,South,Corporate,2023-03-01
C00924,Customer 924,Bengaluru,Karnataka,South,Consumer,2023-12-12
C00925,Customer 925,Pune,Maharashtra,West,Home Office,2022-11-10
C00926,Customer 926,Ahmedabad,Gujarat,West,Corporate,2022-01-07
C00927,Customer 927,Pune,Maharashtra,West,Consumer,2022-12-14
C00928,Customer 928,Kochi,Kerala,South,Corporate,2022-09-17
C00929,Customer 929,Bengaluru,Karnataka,South,Corporate,2023-10-20
C00930,Customer 930,Chennai,Tamil Nadu,South,Corporate,2023-11-08
C00931,Customer 931,Ahmedabad,Gujarat,West,Corporate,2022-03-24
C00932,Customer 932,Delhi,Delhi,North,Corporate,2023-12-15
C00933,Customer 933,Delhi,Delhi,North,Consumer,2022-03-05
C00934,Customer 934,Hyderabad,Telangana,South,Consumer,2023-07-12
C00935,Customer 935,Hyderabad,Telangana,South,Corporate,2022-12-17
C00936,Customer 936,Pune,Maharashtra,West,Home Office,2022-09-29
C00937,Customer 937,Bhubaneswar,Odisha,East,Consumer,2023-03-11
C00938,Customer 938,Mumbai,Maharashtra,West,Corporate,2022-10-07
C00939,Customer 939,Kolkata,West Bengal,East,Consumer,2023-12-16
C00940,Customer 940,Mumbai,Maharashtra,West,Corporate,2024-05-20
C00941,Customer 941,Ahmedabad,Gujarat,West,Home Office,2024-01-05
C00942,Customer 942,Kochi,Kerala,South,Consumer,2023-01-31
C00943,Customer 943,Pune,Maharashtra,West,Consumer,2023-03-29
C00944,Customer 944,Delhi,Delhi,North,Consumer,2023-02-07
C00945,Customer 945,Jaipur,Rajasthan,North,Consumer,2023-12-16
C00946,Customer 946,Nashik,Maharashtra,West,Consumer,2023-05-13
C00947,Customer 947,Chennai,Tamil Nadu,South,Consumer,2023-02-26
C00948,Customer 948,Kochi,Kerala,South,Consumer,2023-01-04
C00949,Customer 949,Kolkata,West Bengal,East,Consumer,2022-12-04
C00950,Customer 950,Delhi,Delhi,North,Consumer,2023-05-13
C00951,Customer 951,Chandigarh,Chandigarh,North,Corporate,2023-09-13
C00952,Customer 952,Nashik,Maharashtra,West,Corporate,2023-01-25
C00953,Customer 953,Nashik,Maharashtra,West,Corporate,2023-12-27
C00954,Customer 954,Pune,Maharashtra,West,Corporate,2024-01-15
C00955,Customer 955,Bhubaneswar,Odisha,East,Corporate,2023-01-22
C00956,Customer 956,Kolkata,West Bengal,East,Consumer,2024-03-29
C00957,Customer 957,Hyderabad,Telangana,South,Corporate,2022-06-05
C00958,Customer 958,Chandigarh,Chandigarh,North,Consumer,2024-04-18
C00959,Customer 959,Lucknow,Uttar Pradesh,North,Consumer,2022-09-22
C00960,Customer 960,Chandigarh,Chandigarh,North,Consumer,2023-05-23
C00961,Customer 961,Chandigarh,Chandigarh,North,Home Office,2022-09-13
C00962,Customer 962,Jaipur,Rajasthan,North,Corporate,2023-02-02
C00963,Customer 963,Mumbai,Maharashtra,West,Consumer,2022-11-03
C00964,Customer 964,Mumbai,Maharashtra,West,Consumer,2023-09-27
C00965,Customer 965,Patna,Bihar,East,Consumer,2022-03-15
C00966,Customer 966,Lucknow,Uttar Pradesh,North,Corporate,2024-01-25
C00967,Customer 967,Patna,Bihar,East,Corporate,2024-03-24
C00968,Customer 968,Pune,Maharashtra,West,Consumer,2023-05-22
C00969,Customer 969,Bengaluru,Karnataka,South,Consumer,2023-05-08
C00970,Customer 970,Pune,Maharashtra,West,Consumer,2023-09-22
C00971,Customer 971,Ahmedabad,Gujarat,West,Consumer,2022-06-29
C00972,Customer 972,Mumbai,Maharashtra,West,Home Office,2023-11-06
C00973,Customer 973,Mumbai,Maharashtra,West,Corporate,2022-07-16
C00974,Customer 974,Kolkata,West Bengal,East,Consumer,2023-09-01
C00975,Customer 975,Delhi,Delhi,North,Consumer,2022-10-03
C00976,Customer 976,Bengaluru,Karnataka,South,Consumer,2023-11-03
C00977,Customer 977,Jaipur,Rajasthan,North,Consumer,2023-12-13
C00978,Customer 978,Delhi,Delhi,North,Consumer,2022-07-07
C00979,Customer 979,Chandigarh,Chandigarh,North,Consumer,2023-07-10
C00980,Customer 980,Pune,Maharashtra,West,Home Office,2023-03-25
C00981,Customer 981,Patna,Bihar,East,Consumer,2022-09-22
C00982,Customer 982,Hyderabad,Telangana,South,Consumer,2023-06-14
C00983,Customer 983,Hyderabad,Telangana,South,Consumer,2024-06-12
C00984,Customer 984,Jaipur,Rajasthan,North,Consumer,2022-01-03
C00985,Customer 985,Pune,Maharashtra,West,Corporate,2024-05-11
C00986,Customer 986,Bhubaneswar,Odisha,East,Consumer,2024-02-10
C00987,Customer 987,Delhi,Delhi,North,Corporate,2023-04-22
C00988,Customer 988,Mumbai,Maharashtra,West,Corporate,2023-07-04
C00989,Customer 989,Delhi,Delhi,North,Consumer,2022-11-29
C00990,Customer 990,Hyderabad,Telangana,South,Corporate,2022-04-27
C00991,Customer 991,Bengaluru,Karnataka,South,Home Office,2023-05-30
C00992,Customer 992,Hyderabad,Telangana,South,Consumer,2024-01-05
C00993,Customer 993,Hyderabad,Telangana,South,Consumer,2022-07-27
C00994,Customer 994,Pune,Maharashtra,West,Home Office,2023-10-08
C00995,Customer 995,Bhubaneswar,Odisha,East,Home Office,2023-11-05
C00996,Customer 996,Jaipur,Rajasthan,North,Consumer,2023-11-14
C00997,Customer 997,Bengaluru,Karnataka,South,Consumer,2022-11-03
C00998,Customer 998,Mumbai,Maharashtra,West,Consumer,2022-12-19
C00999,Customer 999,Patna,Bihar,East,Corporate,2023-01-10
C01000,Customer 1000,Ahmedabad,Gujarat,West,Consumer,2024-02-08
C01001,Customer 1001,Mumbai,Maharashtra,West,Consumer,2024-03-21
C01002,Customer 1002,Jaipur,Rajasthan,North,Corporate,2023-01-08
C01003,Customer 1003,Mumbai,Maharashtra,West,Home Office,2024-05-22
C01004,Customer 1004,Pune,Maharashtra,West,Corporate,2023-05-29
C01005,Customer 1005,Bengaluru,Karnataka,South,Consumer,2022-12-13
C01006,Customer 1006,Delhi,Delhi,North,Consumer,2022-01-01
C01007,Customer 1007,Bhubaneswar,Odisha,East,Home Office,2023-07-04
C01008,Customer 1008,Delhi,Delhi,North,Home Office,2023-08-04
C01009,Customer 1009,Chennai,Tamil Nadu,South,Consumer,2024-05-21
C01010,Customer 1010,Jaipur,Rajasthan,North,Corporate,2023-10-09
C01011,Customer 1011,Bengaluru,Karnataka,South,Consumer,2022-01-27
C01012,Customer 1012,Bengaluru,Karnataka,South,Consumer,2023-05-26
C01013,Customer 1013,Lucknow,Uttar Pradesh,North,Consumer,2023-10-31
C01014,Customer 1014,Patna,Bihar,East,Consumer,2023-03-23
C01015,Customer 1015,Delhi,Delhi,North,Consumer,2023-01-22
C01016,Customer 1016,Pune,Maharashtra,West,Corporate,2023-12-30
C01017,Customer 1017,Chennai,Tamil Nadu,South,Consumer,2023-07-05
C01018,Customer 1018,Kochi,Kerala,South,Consumer,2023-09-06
C01019,Customer 1019,Mumbai,Maharashtra,West,Consumer,2023-02-22
C01020,Customer 1020,Jaipur,Rajasthan,North,Consumer,2022-09-08
C01021,Customer 1021,Kolkata,West Bengal,East,Consumer,2023-04-13
C01022,Customer 1022,Hyderabad,Telangana,South,Consumer,2024-05-13
C01023,Customer 1023,Patna,Bihar,East,Consumer,2023-06-27
C01024,Customer 1024,Chandigarh,Chandigarh,North,Corporate,2023-09-29
C01025,Customer 1025,Bengaluru,Karnataka,South,Home Office,2022-04-22
C01026,Customer 1026,Ahmedabad,Gujarat,West,Consumer,2024-06-08
C01027,Customer 1027,Bhubaneswar,Odisha,East,Home Office,2022-08-09
C01028,Customer 1028,Delhi,Delhi,North,Home Office,2024-05-24
C01029,Customer 1029,Chennai,Tamil Nadu,South,Corporate,2023-02-06
C01030,Customer 1030,Delhi,Delhi,North,Corporate,2024-04-07
C01031,Customer 1031,Bengaluru,Karnataka,South,Corporate,2024-03-13
C01032,Customer 1032,Chennai,Tamil Nadu,South,Corporate,2023-11-11
C01033,Customer 1033,Lucknow,Uttar Pradesh,North,Corporate,2024-04-04
C01034,Customer 1034,Kolkata,West Bengal,East,Consumer,2023-07-03
C01035,Customer 1035,Delhi,Delhi,North,Home Office,2024-02-03
C01036,Customer 1036,Bengaluru,Karnataka,South,Consumer,2022-06-04
C01037,Customer 1037,Delhi,Delhi,North,Corporate,2022-03-05
C01038,Customer 1038,Delhi,Delhi,North,Consumer,2023-05-05
C01039,Customer 1039,Jaipur,Rajasthan,North,Consumer,2023-12-30
C01040,Customer 1040,Mumbai,Maharashtra,West,Consumer,2023-11-20
C01041,Customer 1041,Mumbai,Maharashtra,West,Consumer,2023-04-21
C01042,Customer 1042,Chennai,Tamil Nadu,South,Consumer,2023-04-14
C01043,Customer 1043,Bengaluru,Karnataka,South,Consumer,2023-07-03
C01044,Customer 1044,Chennai,Tamil Nadu,South,Consumer,2024-02-21
C01045,Customer 1045,Mumbai,Maharashtra,West,Consumer,2024-01-28
C01046,Customer 1046,Delhi,Delhi,North,Consumer,2022-04-09
C01047,Customer 1047,Pune,Maharashtra,West,Home Office,2023-06-21
C01048,Customer 1048,Hyderabad,Telangana,South,Consumer,2022-12-09
C01049,Customer 1049,Kolkata,West Bengal,East,Consumer,2023-12-21
C01050,Customer 1050,Nashik,Maharashtra,West,Consumer,2023-04-01
C01051,Customer 1051,Chennai,Tamil Nadu,South,Consumer,2024-06-11
C01052,Customer 1052,Mumbai,Maharashtra,West,Consumer,2023-01-25
C01053,Customer 1053,Ahmedabad,Gujarat,West,Corporate,2023-09-04
C01054,Customer 1054,Mumbai,Maharashtra,West,Home Office,2022-04-08
C01055,Customer 1055,Ahmedabad,Gujarat,West,Consumer,2024-04-19
C01056,Customer 1056,Chennai,Tamil Nadu,South,Corporate,2022-05-19
C01057,Customer 1057,Kolkata,West Bengal,East,Consumer,2022-12-07
C01058,Customer 1058,Pune,Maharashtra,West,Consumer,2024-01-24
C01059,Customer 1059,Bengaluru,Karnataka,South,Consumer,2024-05-20
C01060,Customer 1060,Chennai,Tamil Nadu,South,Consumer,2023-03-12
C01061,Customer 1061,Patna,Bihar,East,Corporate,2023-03-13
C01062,Customer 1062,Bengaluru,Karnataka,South,Corporate,2022-02-13
C01063,Customer 1063,Ahmedabad,Gujarat,West,Corporate,2024-05-30
C01064,Customer 1064,Bengaluru,Karnataka,South,Consumer,2022-01-15
C01065,Customer 1065,Delhi,Delhi,North,Corporate,2022-01-24
C01066,Customer 1066,Patna,Bihar,East,Consumer,2023-03-03
C01067,Customer 1067,Delhi,Delhi,North,Consumer,2022-01-04
C01068,Customer 1068,Chennai,Tamil Nadu,South,Consumer,2022-05-28
C01069,Customer 1069,Mumbai,Maharashtra,West,Corporate,2023-07-19
C01070,Customer 1070,Delhi,Delhi,North,Home Office,2023-09-27
C01071,Customer 1071,Kolkata,West Bengal,East,Consumer,2022-09-26
C01072,Customer 1072,Bengaluru,Karnataka,South,Consumer,2023-12-17
C01073,Customer 1073,Jaipur,Rajasthan,North,Corporate,2023-07-01
C01074,Customer 1074,Bhubaneswar,Odisha,East,Corporate,2022-07-25
C01075,Customer 1075,Kochi,Kerala,South,Consumer,2023-10-04
C01076,Customer 1076,Delhi,Delhi,North,Corporate,2023-06-17
C01077,Customer 1077,Bengaluru,Karnataka,South,Corporate,2024-01-01
C01078,Customer 1078,Lucknow,Uttar Pradesh,North,Home Office,2022-05-20
C01079,Customer 1079,Bengaluru,Karnataka,South,Consumer,2022-07-27
C01080,Customer 1080,Delhi,Delhi,North,Home Office,2022-10-01
C01081,Customer 1081,Nashik,Maharashtra,West,Consumer,2022-11-04
C01082,Customer 1082,Kolkata,West Bengal,East,Corporate,2024-03-10
C01083,Customer 1083,Bhubaneswar,Odisha,East,Consumer,2023-10-22
C01084,Customer 1084,Kochi,Kerala,South,Consumer,2023-05-05
C01085,Customer 1085,Patna,Bihar,East,Consumer,2023-05-02
C01086,Customer 1086,Hyderabad,Telangana,South,Consumer,2024-03-08
C01087,Customer 1087,Hyderabad,Telangana,South,Consumer,2023-02-07
C01088,Customer 1088,Hyderabad,Telangana,South,Consumer,2022-07-22
C01089,Customer 1089,Lucknow,Uttar Pradesh,North,Consumer,2022-05-04
C01090,Customer 1090,Jaipur,Rajasthan,North,Consumer,2022-10-25
C01091,Customer 1091,Nashik,Maharashtra,West,Corporate,2023-08-11
C01092,Customer 1092,Bengaluru,Karnataka,South,Home Office,2023-02-28
C01093,Customer 1093,Ahmedabad,Gujarat,West,Corporate,2023-01-15
C01094,Customer 1094,Ahmedabad,Gujarat,West,Consumer,2023-03-09
C01095,Customer 1095,Bengaluru,Karnataka,South,Consumer,2024-05-27
C01096,Customer 1096,Delhi,Delhi,North,Home Office,2024-06-16
C01097,Customer 1097,Pune,Maharashtra,West,Consumer,2022-05-26
C01098,Customer 1098,Hyderabad,Telangana,South,Consumer,2022-04-14
C01099,Customer 1099,Kolkata,West Bengal,East,Home Office,2022-08-08
C01100,Customer 1100,Pune,Maharashtra,West,Home Office,2024-02-06
C01101,Customer 1101,Mumbai,Maharashtra,West,Consumer,2023-02-18
C01102,Customer 1102,Delhi,Delhi,North,Corporate,2024-02-17
C01103,Customer 1103,Hyderabad,Telangana,South,Consumer,2023-08-06
C01104,Customer 1104,Kochi,Kerala,South,Corporate,2023-05-13
C01105,Customer 1105,Mumbai,Maharashtra,West,Consumer,2022-09-11
C01106,Customer 1106,Hyderabad,Telangana,South,Consumer,2022-11-06
C01107,Customer 1107,Mumbai,Maharashtra,West,Corporate,2022-05-13
C01108,Customer 1108,Delhi,Delhi,North,Consumer,2023-04-13
C01109,Customer 1109,Patna,Bihar,East,Corporate,2022-09-10
C01110,Customer 1110,Pune,Maharashtra,West,Consumer,2022-09-21
C01111,Customer 1111,Pune,Maharashtra,West,Home Office,2022-02-05
C01112,Customer 1112,Delhi,Delhi,North,Corporate,2023-12-21
C01113,Customer 1113,Bengaluru,Karnataka,South,Consumer,2024-04-25
C01114,Customer 1114,Bhubaneswar,Odisha,East,Corporate,2023-03-25
C01115,Customer 1115,Patna,Bihar,East,Consumer,2023-04-28
C01116,Customer 1116,Mumbai,Maharashtra,West,Consumer,2024-04-13
C01117,Customer 1117,Mumbai,Maharashtra,West,Consumer,2023-04-06
C01118,Customer 1118,Hyderabad,Telangana,South,Home Office,2023-07-15
C01119,Customer 1119,Ahmedabad,Gujarat,West,Corporate,2023-01-21
C01120,Customer 1120,Kolkata,West Bengal,East,Home Office,2023-04-08
C01121,Customer 1121,Chennai,Tamil Nadu,South,Home Office,2023-04-15
C01122,Customer 1122,Mumbai,Maharashtra,West,Home Office,2023-10-02
C01123,Customer 1123,Kochi,Kerala,South,Consumer,2023-06-28
C01124,Customer 1124,Pune,Maharashtra,West,Home Office,2023-03-30
C01125,Customer 1125,Delhi,Delhi,North,Consumer,2022-03-10
C01126,Customer 1126,Bengaluru,Karnataka,South,Consumer,2024-03-25
C01127,Customer 1127,Lucknow,Uttar Pradesh,North,Consumer,2024-03-10
C01128,Customer 1128,Chennai,Tamil Nadu,South,Consumer,2022-06-16
C01129,Customer 1129,Bengaluru,Karnataka,South,Consumer,2022-09-21
C01130,Customer 1130,Patna,Bihar,East,Consumer,2024-05-26
C01131,Customer 1131,Patna,Bihar,East,Consumer,2022-10-16
C01132,Customer 1132,Chandigarh,Chandigarh,North,Consumer,2024-01-01
C01133,Customer 1133,Mumbai,Maharashtra,West,Home Office,2023-12-09
C01134,Customer 1134,Chennai,Tamil Nadu,South,Corporate,2024-02-14
C01135,Customer 1135,Patna,Bihar,East,Consumer,2022-01-15
C01136,Customer 1136,Delhi,Delhi,North,Consumer,2023-03-11
C01137,Customer 1137,Jaipur,Rajasthan,North,Consumer,2023-05-24
C01138,Customer 1138,Delhi,Delhi,North,Consumer,2024-01-24
C01139,Customer 1139,Mumbai,Maharashtra,West,Corporate,2022-07-22
C01140,Customer 1140,Chennai,Tamil Nadu,South,Consumer,2022-10-04
C01141,Customer 1141,Delhi,Delhi,North,Corporate,2022-06-11
C01142,Customer 1142,Hyderabad,Telangana,South,Corporate,2023-11-17
C01143,Customer 1143,Kochi,Kerala,South,Consumer,2024-06-17
C01144,Customer 1144,Hyderabad,Telangana,South,Home Office,2022-05-07
C01145,Customer 1145,Delhi,Delhi,North,Consumer,2022-07-29
C01146,Customer 1146,Delhi,Delhi,North,Home Office,2022-10-04
C01147,Customer 1147,Hyderabad,Telangana,South,Corporate,2024-03-11
C01148,Customer 1148,Hyderabad,Telangana,South,Corporate,2023-02-06
C01149,Customer 1149,Lucknow,Uttar Pradesh,North,Corporate,2022-09-11
C01150,Customer 1150,Kolkata,West Bengal,East,Corporate,2022-10-18
C01151,Customer 1151,Pune,Maharashtra,West,Home Office,2023-06-23
C01152,Customer 1152,Kolkata,West Bengal,East,Consumer,2022-12-15
C01153,Customer 1153,Mumbai,Maharashtra,West,Corporate,2022-05-07
C01154,Customer 1154,Pune,Maharashtra,West,Corporate,2024-01-09
C01155,Customer 1155,Chandigarh,Chandigarh,North,Consumer,2023-01-16
C01156,Customer 1156,Mumbai,Maharashtra,West,Home Office,2022-08-20
C01157,Customer 1157,Mumbai,Maharashtra,West,Consumer,2023-10-18
C01158,Customer 1158,Mumbai,Maharashtra,West,Consumer,2023-11-02
C01159,Customer 1159,Jaipur,Rajasthan,North,Consumer,2022-05-20
C01160,Customer 1160,Hyderabad,Telangana,South,Consumer,2022-03-08
C01161,Customer 1161,Mumbai,Maharashtra,West,Corporate,2022-02-10
C01162,Customer 1162,Bengaluru,Karnataka,South,Consumer,2023-11-21
C01163,Customer 1163,Hyderabad,Telangana,South,Consumer,2023-07-18
C01164,Customer 1164,Pune,Maharashtra,West,Consumer,2023-12-14
C01165,Customer 1165,Pune,Maharashtra,West,Consumer,2023-07-18
C01166,Customer 1166,Kolkata,West Bengal,East,Corporate,2022-12-28
C01167,Customer 1167,Hyderabad,Telangana,South,Home Office,2023-06-15
C01168,Customer 1168,Chandigarh,Chandigarh,North,Consumer,2023-10-13
C01169,Customer 1169,Hyderabad,Telangana,South,Consumer,2022-12-25
C01170,Customer 1170,Mumbai,Maharashtra,West,Consumer,2024-04-03
C01171,Customer 1171,Delhi,Delhi,North,Corporate,2024-03-20
C01172,Customer 1172,Chennai,Tamil Nadu,South,Consumer,2023-12-22
C01173,Customer 1173,Ahmedabad,Gujarat,West,Consumer,2024-06-12
C01174,Customer 1174,Hyderabad,Telangana,South,Consumer,2022-12-18
C01175,Customer 1175,Lucknow,Uttar Pradesh,North,Consumer,2022-04-13
C01176,Customer 1176,Hyderabad,Telangana,South,Consumer,2023-03-12
C01177,Customer 1177,Jaipur,Rajasthan,North,Consumer,2023-11-03
C01178,Customer 1178,Delhi,Delhi,North,Corporate,2023-12-03
C01179,Customer 1179,Pune,Maharashtra,West,Corporate,2022-12-16
C01180,Customer 1180,Pune,Maharashtra,West,Consumer,2022-09-21
C01181,Customer 1181,Hyderabad,Telangana,South,Corporate,2023-02-05
C01182,Customer 1182,Mumbai,Maharashtra,West,Home Office,2023-12-25
C01183,Customer 1183,Mumbai,Maharashtra,West,Consumer,2022-02-24
C01184,Customer 1184,Pune,Maharashtra,West,Consumer,2022-10-23
C01185,Customer 1185,Pune,Maharashtra,West,Consumer,2022-07-26
C01186,Customer 1186,Hyderabad,Telangana,South,Corporate,2023-12-27
C01187,Customer 1187,Delhi,Delhi,North,Consumer,2023-02-27
C01188,Customer 1188,Patna,Bihar,East,Corporate,2022-03-20
C01189,Customer 1189,Mumbai,Maharashtra,West,Consumer,2022-08-24
C01190,Customer 1190,Bengaluru,Karnataka,South,Consumer,2022-02-09
C01191,Customer 1191,Jaipur,Rajasthan,North,Home Office,2023-03-05
C01192,Customer 1192,Delhi,Delhi,North,Consumer,2024-06-16
C01193,Customer 1193,Kolkata,West Bengal,East,Home Office,2023-05-26
C01194,Customer 1194,Patna,Bihar,East,Home Office,2024-02-22
C01195,Customer 1195,Kolkata,West Bengal,East,Home Office,2023-10-31
C01196,Customer 1196,Pune,Maharashtra,West,Consumer,2024-03-05
C01197,Customer 1197,Nashik,Maharashtra,West,Corporate,2022-10-07
C01198,Customer 1198,Bengaluru,Karnataka,South,Consumer,2024-05-06
C01199,Customer 1199,Ahmedabad,Gujarat,West,Consumer,2022-08-03
C01200,Customer 1200,Chennai,Tamil Nadu,South,Home Office,2023-01-30
C01201,Customer 1201,Bengaluru,Karnataka,South,Corporate,2023-09-06
C01202,Customer 1202,Bengaluru,Karnataka,South,Consumer,2022-09-16
C01203,Customer 1203,Hyderabad,Telangana,South,Consumer,2022-08-27
C01204,Customer 1204,Chennai,Tamil Nadu,South,Corporate,2022-04-28
C01205,Customer 1205,Mumbai,Maharashtra,West,Corporate,2022-01-04
C01206,Customer 1206,Mumbai,Maharashtra,West,Consumer,2023-03-28
C01207,Customer 1207,Bengaluru,Karnataka,South,Home Office,2024-06-07
C01208,Customer 1208,Lucknow,Uttar Pradesh,North,Consumer,2022-07-18
C01209,Customer 1209,Ahmedabad,Gujarat,West,Consumer,2023-02-01
C01210,Customer 1210,Delhi,Delhi,North,Corporate,2024-04-21
C01211,Customer 1211,Hyderabad,Telangana,South,Home Office,2023-11-27
C01212,Customer 1212,Hyderabad,Telangana,South,Consumer,2022-01-04
C01213,Customer 1213,Bengaluru,Karnataka,South,Consumer,2023-03-27
C01214,Customer 1214,Delhi,Delhi,North,Consumer,2022-05-09
C01215,Customer 1215,Ahmedabad,Gujarat,West,Home Office,2022-08-11
C01216,Customer 1216,Chandigarh,Chandigarh,North,Consumer,2022-08-10
C01217,Customer 1217,Delhi,Delhi,North,Consumer,2023-07-06
C01218,Customer 1218,Bengaluru,Karnataka,South,Home Office,2022-06-29
C01219,Customer 1219,Chennai,Tamil Nadu,South,Consumer,2022-08-15
C01220,Customer 1220,Mumbai,Maharashtra,West,Consumer,2022-07-23
C01221,Customer 1221,Mumbai,Maharashtra,West,Consumer,2022-11-18
C01222,Customer 1222,Pune,Maharashtra,West,Corporate,2023-08-14
C01223,Customer 1223,Kolkata,West Bengal,East,Consumer,2022-12-26
C01224,Customer 1224,Bengaluru,Karnataka,South,Consumer,2022-10-22
C01225,Customer 1225,Pune,Maharashtra,West,Consumer,2023-04-11
C01226,Customer 1226,Kolkata,West Bengal,East,Corporate,2023-07-08
C01227,Customer 1227,Jaipur,Rajasthan,North,Corporate,2022-01-14
C01228,Customer 1228,Lucknow,Uttar Pradesh,North,Consumer,2024-03-12
C01229,Customer 1229,Bhubaneswar,Odisha,East,Consumer,2024-04-04
C01230,Customer 1230,Mumbai,Maharashtra,West,Home Office,2023-06-27
C01231,Customer 1231,Pune,Maharashtra,West,Consumer,2023-06-02
C01232,Customer 1232,Bengaluru,Karnataka,South,Consumer,2023-09-18
C01233,Customer 1233,Pune,Maharashtra,West,Consumer,2023-02-01
C01234,Customer 1234,Chennai,Tamil Nadu,South,Consumer,2022-11-25
C01235,Customer 1235,Pune,Maharashtra,West,Consumer,2022-11-14
C01236,Customer 1236,Mumbai,Maharashtra,West,Consumer,2022-05-24
C01237,Customer 1237,Pune,Maharashtra,West,Consumer,2024-01-28
C01238,Customer 1238,Delhi,Delhi,North,Consumer,2022-10-16
C01239,Customer 1239,Pune,Maharashtra,West,Corporate,2022-09-13
C01240,Customer 1240,Mumbai,Maharashtra,West,Consumer,2024-05-17
C01241,Customer 1241,Kolkata,West Bengal,East,Consumer,2023-04-02
C01242,Customer 1242,Delhi,Delhi,North,Corporate,2023-07-14
C01243,Customer 1243,Delhi,Delhi,North,Consumer,2022-08-09
C01244,Customer 1244,Mumbai,Maharashtra,West,Corporate,2022-09-07
C01245,Customer 1245,Delhi,Delhi,North,Consumer,2023-10-18
C01246,Customer 1246,Ahmedabad,Gujarat,West,Corporate,2023-02-10
C01247,Customer 1247,Bengaluru,Karnataka,South,Consumer,2022-05-13
C01248,Customer 1248,Pune,Maharashtra,West,Consumer,2024-01-22
C01249,Customer 1249,Kolkata,West Bengal,East,Consumer,2022-12-29
C01250,Customer 1250,Bhubaneswar,Odisha,East,Consumer,2023-08-25
C01251,Customer 1251,Mumbai,Maharashtra,West,Consumer,2022-11-04
C01252,Customer 1252,Mumbai,Maharashtra,West,Corporate,2023-05-20
C01253,Customer 1253,Mumbai,Maharashtra,West,Corporate,2023-11-30
C01254,Customer 1254,Bengaluru,Karnataka,South,Consumer,2024-03-07
C01255,Customer 1255,Mumbai,Maharashtra,West,Home Office,2022-07-06
C01256,Customer 1256,Kochi,Kerala,South,Corporate,2023-08-29
C01257,Customer 1257,Hyderabad,Telangana,South,Home Office,2024-04-03
C01258,Customer 1258,Hyderabad,Telangana,South,Corporate,2023-08-02
C01259,Customer 1259,Chandigarh,Chandigarh,North,Corporate,2022-05-09
C01260,Customer 1260,Patna,Bihar,East,Consumer,2022-06-20
C01261,Customer 1261,Mumbai,Maharashtra,West,Corporate,2022-07-02
C01262,Customer 1262,Delhi,Delhi,North,Home Office,2022-04-06
C01263,Customer 1263,Delhi,Delhi,North,Consumer,2023-11-10
C01264,Customer 1264,Bhubaneswar,Odisha,East,Consumer,2024-05-18
C01265,Customer 1265,Bengaluru,Karnataka,South,Consumer,2023-04-11
C01266,Customer 1266,Hyderabad,Telangana,South,Home Office,2023-06-23
C01267,Customer 1267,Pune,Maharashtra,West,Consumer,2023-11-28
C01268,Customer 1268,Patna,Bihar,East,Corporate,2023-01-10
C01269,Customer 1269,Lucknow,Uttar Pradesh,North,Corporate,2023-03-02
C01270,Customer 1270,Lucknow,Uttar Pradesh,North,Home Office,2023-06-15
C01271,Customer 1271,Patna,Bihar,East,Consumer,2022-10-02
C01272,Customer 1272,Delhi,Delhi,North,Corporate,2022-02-25
C01273,Customer 1273,Delhi,Delhi,North,Home Office,2023-05-26
C01274,Customer 1274,Bengaluru,Karnataka,South,Consumer,2024-01-10
C01275,Customer 1275,Mumbai,Maharashtra,West,Corporate,2022-03-07
C01276,Customer 1276,Delhi,Delhi,North,Consumer,2022-07-14
C01277,Customer 1277,Pune,Maharashtra,West,Corporate,2022-08-25
C01278,Customer 1278,Mumbai,Maharashtra,West,Consumer,2023-12-26
C01279,Customer 1279,Kolkata,West Bengal,East,Consumer,2023-03-31
C01280,Customer 1280,Bengaluru,Karnataka,South,Consumer,2023-04-26
C01281,Customer 1281,Delhi,Delhi,North,Consumer,2023-08-04
C01282,Customer 1282,Delhi,Delhi,North,Consumer,2022-09-06
C01283,Customer 1283,Jaipur,Rajasthan,North,Corporate,2023-10-05
C01284,Customer 1284,Bengaluru,Karnataka,South,Consumer,2022-01-28
C01285,Customer 1285,Bhubaneswar,Odisha,East,Consumer,2022-04-13
C01286,Customer 1286,Bhubaneswar,Odisha,East,Corporate,2024-01-05
C01287,Customer 1287,Delhi,Delhi,North,Corporate,2023-08-16
C01288,Customer 1288,Delhi,Delhi,North,Consumer,2022-06-08
C01289,Customer 1289,Jaipur,Rajasthan,North,Home Office,2023-01-30
C01290,Customer 1290,Bengaluru,Karnataka,South,Consumer,2022-02-16
C01291,Customer 1291,Jaipur,Rajasthan,North,Corporate,2023-08-28
C01292,Customer 1292,Bengaluru,Karnataka,South,Consumer,2023-11-12
C01293,Customer 1293,Bengaluru,Karnataka,South,Corporate,2022-09-08
C01294,Customer 1294,Delhi,Delhi,North,Home Office,2022-11-12
C01295,Customer 1295,Delhi,Delhi,North,Corporate,2022-08-02
C01296,Customer 1296,Delhi,Delhi,North,Consumer,2022-12-17
C01297,Customer 1297,Mumbai,Maharashtra,West,Corporate,2022-09-03
C01298,Customer 1298,Pune,Maharashtra,West,Consumer,2022-08-11
C01299,Customer 1299,Chennai,Tamil Nadu,South,Corporate,2023-01-23
C01300,Customer 1300,Delhi,Delhi,North,Corporate,2024-02-13
C01301,Customer 1301,Pune,Maharashtra,West,Home Office,2023-11-18
C01302,Customer 1302,Bengaluru,Karnataka,South,Consumer,2022-09-25
C01303,Customer 1303,Hyderabad,Telangana,South,Consumer,2024-04-28
C01304,Customer 1304,Ahmedabad,Gujarat,West,Consumer,2022-07-09
C01305,Customer 1305,Hyderabad,Telangana,South,Consumer,2024-03-30
C01306,Customer 1306,Bhubaneswar,Odisha,East,Consumer,2022-10-06
C01307,Customer 1307,Bengaluru,Karnataka,South,Consumer,2023-05-02
C01308,Customer 1308,Chennai,Tamil Nadu,South,Corporate,2022-07-02
C01309,Customer 1309,Mumbai,Maharashtra,West,Consumer,2023-11-17
C01310,Customer 1310,Bhubaneswar,Odisha,East,Consumer,2022-10-13
C01311,Customer 1311,Delhi,Delhi,North,Consumer,2024-02-25
C01312,Customer 1312,Bhubaneswar,Odisha,East,Home Office,2022-03-16
C01313,Customer 1313,Bengaluru,Karnataka,South,Corporate,2023-03-28
C01314,Customer 1314,Mumbai,Maharashtra,West,Consumer,2022-05-23
C01315,Customer 1315,Mumbai,Maharashtra,West,Consumer,2024-03-11
C01316,Customer 1316,Chennai,Tamil Nadu,South,Consumer,2023-01-11
C01317,Customer 1317,Bengaluru,Karnataka,South,Consumer,2023-08-31
C01318,Customer 1318,Mumbai,Maharashtra,West,Consumer,2024-03-02
C01319,Customer 1319,Hyderabad,Telangana,South,Consumer,2023-04-28
C01320,Customer 1320,Kochi,Kerala,South,Home Office,2022-02-21
C01321,Customer 1321,Lucknow,Uttar Pradesh,North,Consumer,2022-07-18
C01322,Customer 1322,Jaipur,Rajasthan,North,Corporate,2022-07-11
C01323,Customer 1323,Mumbai,Maharashtra,West,Consumer,2024-04-02
C01324,Customer 1324,Hyderabad,Telangana,South,Home Office,2024-03-28
C01325,Customer 1325,Delhi,Delhi,North,Home Office,2023-03-06
C01326,Customer 1326,Kolkata,West Bengal,East,Corporate,2024-03-12
C01327,Customer 1327,Delhi,Delhi,North,Consumer,2022-08-10
C01328,Customer 1328,Bengaluru,Karnataka,South,Consumer,2023-09-04
C01329,Customer 1329,Ahmedabad,Gujarat,West,Corporate,2022-12-19
C01330,Customer 1330,Pune,Maharashtra,West,Corporate,2022-08-05
C01331,Customer 1331,Hyderabad,Telangana,South,Consumer,2022-08-14
C01332,Customer 1332,Lucknow,Uttar Pradesh,North,Consumer,2023-01-13
C01333,Customer 1333,Chandigarh,Chandigarh,North,Consumer,2022-11-02
C01334,Customer 1334,Patna,Bihar,East,Corporate,2022-07-10
C01335,Customer 1335,Patna,Bihar,East,Corporate,2022-10-28
C01336,Customer 1336,Kochi,Kerala,South,Corporate,2022-04-26
C01337,Customer 1337,Pune,Maharashtra,West,Corporate,2024-05-22
C01338,Customer 1338,Bengaluru,Karnataka,South,Consumer,2022-12-08
C01339,Customer 1339,Kolkata,West Bengal,East,Consumer,2022-04-07
C01340,Customer 1340,Delhi,Delhi,North,Consumer,2023-06-03
C01341,Customer 1341,Mumbai,Maharashtra,West,Corporate,2024-03-05
C01342,Customer 1342,Hyderabad,Telangana,South,Consumer,2022-11-20
C01343,Customer 1343,Lucknow,Uttar Pradesh,North,Consumer,2024-01-31
C01344,Customer 1344,Bengaluru,Karnataka,South,Consumer,2023-07-04
C01345,Customer 1345,Patna,Bihar,East,Consumer,2023-10-28
C01346,Customer 1346,Bengaluru,Karnataka,South,Consumer,2022-09-24
C01347,Customer 1347,Delhi,Delhi,North,Consumer,2022-02-03
C01348,Customer 1348,Delhi,Delhi,North,Consumer,2022-11-08
C01349,Customer 1349,Delhi,Delhi,North,Corporate,2024-04-12
C01350,Customer 1350,Mumbai,Maharashtra,West,Consumer,2023-12-13
C01351,Customer 1351,Hyderabad,Telangana,South,Consumer,2023-12-07
C01352,Customer 1352,Kochi,Kerala,South,Consumer,2024-03-01
C01353,Customer 1353,Ahmedabad,Gujarat,West,Corporate,2022-12-02
C01354,Customer 1354,Ahmedabad,Gujarat,West,Consumer,2022-10-17
C01355,Customer 1355,Kolkata,West Bengal,East,Corporate,2024-04-12
C01356,Customer 1356,Mumbai,Maharashtra,West,Home Office,2023-05-30
C01357,Customer 1357,Chandigarh,Chandigarh,North,Corporate,2022-09-26
C01358,Customer 1358,Jaipur,Rajasthan,North,Consumer,2022-09-08
C01359,Customer 1359,Chennai,Tamil Nadu,South,Corporate,2024-02-29
C01360,Customer 1360,Pune,Maharashtra,West,Consumer,2022-02-18
C01361,Customer 1361,Chennai,Tamil Nadu,South,Consumer,2022-02-25
C01362,Customer 1362,Delhi,Delhi,North,Consumer,2023-10-27
C01363,Customer 1363,Bengaluru,Karnataka,South,Consumer,2022-01-02
C01364,Customer 1364,Mumbai,Maharashtra,West,Consumer,2022-06-03
C01365,Customer 1365,Jaipur,Rajasthan,North,Consumer,2024-06-10
C01366,Customer 1366,Chandigarh,Chandigarh,North,Consumer,2023-01-19
C01367,Customer 1367,Pune,Maharashtra,West,Consumer,2023-10-17
C01368,Customer 1368,Mumbai,Maharashtra,West,Consumer,2023-03-15
C01369,Customer 1369,Pune,Maharashtra,West,Home Office,2022-03-23
C01370,Customer 1370,Delhi,Delhi,North,Consumer,2022-06-16
C01371,Customer 1371,Mumbai,Maharashtra,West,Corporate,2023-11-16
C01372,Customer 1372,Bhubaneswar,Odisha,East,Consumer,2022-03-27
C01373,Customer 1373,Delhi,Delhi,North,Consumer,2023-06-20
C01374,Customer 1374,Hyderabad,Telangana,South,Consumer,2022-11-10
C01375,Customer 1375,Patna,Bihar,East,Consumer,2022-11-30
C01376,Customer 1376,Mumbai,Maharashtra,West,Consumer,2024-05-07
C01377,Customer 1377,Bengaluru,Karnataka,South,Consumer,2023-06-30
C01378,Customer 1378,Kolkata,West Bengal,East,Consumer,2023-07-08
C01379,Customer 1379,Bengaluru,Karnataka,South,Consumer,2022-11-12
C01380,Customer 1380,Delhi,Delhi,North,Consumer,2022-12-10
C01381,Customer 1381,Jaipur,Rajasthan,North,Consumer,2023-09-10
C01382,Customer 1382,Mumbai,Maharashtra,West,Consumer,2022-02-05
C01383,Customer 1383,Chandigarh,Chandigarh,North,Consumer,2022-08-02
C01384,Customer 1384,Patna,Bihar,East,Consumer,2023-06-25
C01385,Customer 1385,Patna,Bihar,East,Consumer,2023-07-16
C01386,Customer 1386,Mumbai,Maharashtra,West,Consumer,2022-03-25
C01387,Customer 1387,Chennai,Tamil Nadu,South,Consumer,2023-12-11
C01388,Customer 1388,Ahmedabad,Gujarat,West,Home Office,2023-05-04
C01389,Customer 1389,Kolkata,West Bengal,East,Consumer,2022-08-02
C01390,Customer 1390,Mumbai,Maharashtra,West,Consumer,2023-11-08
C01391,Customer 1391,Bhubaneswar,Odisha,East,Consumer,2024-06-10
C01392,Customer 1392,Kochi,Kerala,South,Home Office,2023-01-17
C01393,Customer 1393,Mumbai,Maharashtra,West,Corporate,2022-09-13
C01394,Customer 1394,Mumbai,Maharashtra,West,Corporate,2022-09-27
C01395,Customer 1395,Kochi,Kerala,South,Home Office,2023-06-18
C01396,Customer 1396,Pune,Maharashtra,West,Consumer,2022-02-12
C01397,Customer 1397,Chandigarh,Chandigarh,North,Home Office,2023-03-12
C01398,Customer 1398,Kolkata,West Bengal,East,Consumer,2022-01-23
C01399,Customer 1399,Bengaluru,Karnataka,South,Corporate,2022-02-04
C01400,Customer 1400,Delhi,Delhi,North,Consumer,2023-01-23
C01401,Customer 1401,Jaipur,Rajasthan,North,Consumer,2023-11-02
C01402,Customer 1402,Mumbai,Maharashtra,West,Home Office,2024-03-06
C01403,Customer 1403,Patna,Bihar,East,Consumer,2022-03-20
C01404,Customer 1404,Delhi,Delhi,North,Home Office,2022-08-08
C01405,Customer 1405,Pune,Maharashtra,West,Consumer,2023-01-15
C01406,Customer 1406,Ahmedabad,Gujarat,West,Corporate,2023-06-01
C01407,Customer 1407,Patna,Bihar,East,Home Office,2024-06-07
C01408,Customer 1408,Mumbai,Maharashtra,West,Consumer,2023-09-08
C01409,Customer 1409,Kolkata,West Bengal,East,Home Office,2023-04-30
C01410,Customer 1410,Chennai,Tamil Nadu,South,Consumer,2022-02-24
C01411,Customer 1411,Kochi,Kerala,South,Corporate,2022-03-14
C01412,Customer 1412,Patna,Bihar,East,Consumer,2022-05-18
C01413,Customer 1413,Kochi,Kerala,South,Consumer,2023-08-18
C01414,Customer 1414,Bhubaneswar,Odisha,East,Corporate,2022-10-26
C01415,Customer 1415,Mumbai,Maharashtra,West,Consumer,2022-08-05
C01416,Customer 1416,Hyderabad,Telangana,South,Consumer,2023-08-27
C01417,Customer 1417,Bengaluru,Karnataka,South,Consumer,2024-01-04
C01418,Customer 1418,Bengaluru,Karnataka,South,Home Office,2023-01-31
C01419,Customer 1419,Kolkata,West Bengal,East,Consumer,2024-03-04
C01420,Customer 1420,Patna,Bihar,East,Corporate,2023-10-23
C01421,Customer 1421,Chennai,Tamil Nadu,South,Home Office,2023-10-07
C01422,Customer 1422,Lucknow,Uttar Pradesh,North,Consumer,2024-02-20
C01423,Customer 1423,Jaipur,Rajasthan,North,Consumer,2022-06-15
C01424,Customer 1424,Delhi,Delhi,North,Corporate,2023-11-14
C01425,Customer 1425,Delhi,Delhi,North,Consumer,2024-05-11
C01426,Customer 1426,Delhi,Delhi,North,Consumer,2024-06-12
C01427,Customer 1427,Mumbai,Maharashtra,West,Corporate,2023-06-05
C01428,Customer 1428,Mumbai,Maharashtra,West,Consumer,2023-11-10
C01429,Customer 1429,Hyderabad,Telangana,South,Consumer,2024-03-10
C01430,Customer 1430,Jaipur,Rajasthan,North,Corporate,2024-02-06
C01431,Customer 1431,Bhubaneswar,Odisha,East,Consumer,2024-03-19
C01432,Customer 1432,Bengaluru,Karnataka,South,Consumer,2024-01-20
C01433,Customer 1433,Mumbai,Maharashtra,West,Consumer,2022-12-10
C01434,Customer 1434,Pune,Maharashtra,West,Home Office,2023-10-20
C01435,Customer 1435,Pune,Maharashtra,West,Corporate,2023-01-05
C01436,Customer 1436,Patna,Bihar,East,Consumer,2023-12-23
C01437,Customer 1437,Pune,Maharashtra,West,Consumer,2023-12-31
C01438,Customer 1438,Chandigarh,Chandigarh,North,Consumer,2024-04-21
C01439,Customer 1439,Bhubaneswar,Odisha,East,Consumer,2023-06-14
C01440,Customer 1440,Patna,Bihar,East,Consumer,2023-03-04
C01441,Customer 1441,Nashik,Maharashtra,West,Home Office,2022-05-29
C01442,Customer 1442,Mumbai,Maharashtra,West,Consumer,2023-07-29
C01443,Customer 1443,Pune,Maharashtra,West,Corporate,2023-05-25
C01444,Customer 1444,Mumbai,Maharashtra,West,Consumer,2023-04-09
C01445,Customer 1445,Pune,Maharashtra,West,Consumer,2023-09-01
C01446,Customer 1446,Bengaluru,Karnataka,South,Consumer,2024-02-05
C01447,Customer 1447,Kolkata,West Bengal,East,Consumer,2022-05-14
C01448,Customer 1448,Chandigarh,Chandigarh,North,Corporate,2023-01-24
C01449,Customer 1449,Bengaluru,Karnataka,South,Home Office,2023-10-13
C01450,Customer 1450,Pune,Maharashtra,West,Home Office,2024-01-08
C01451,Customer 1451,Hyderabad,Telangana,South,Consumer,2023-12-02
C01452,Customer 1452,Bengaluru,Karnataka,South,Corporate,2023-12-21
C01453,Customer 1453,Kolkata,West Bengal,East,Consumer,2024-02-09
C01454,Customer 1454,Bhubaneswar,Odisha,East,Home Office,2024-05-15
C01455,Customer 1455,Delhi,Delhi,North,Consumer,2023-07-02
C01456,Customer 1456,Mumbai,Maharashtra,West,Consumer,2022-08-13
C01457,Customer 1457,Nashik,Maharashtra,West,Consumer,2023-05-23
C01458,Customer 1458,Jaipur,Rajasthan,North,Consumer,2023-10-01
C01459,Customer 1459,Bhubaneswar,Odisha,East,Consumer,2022-04-01
C01460,Customer 1460,Delhi,Delhi,North,Home Office,2023-11-13
C01461,Customer 1461,Hyderabad,Telangana,South,Corporate,2023-05-05
C01462,Customer 1462,Bengaluru,Karnataka,South,Home Office,2024-04-22
C01463,Customer 1463,Pune,Maharashtra,West,Consumer,2022-07-10
C01464,Customer 1464,Delhi,Delhi,North,Consumer,2024-03-27
C01465,Customer 1465,Bengaluru,Karnataka,South,Consumer,2023-02-08
C01466,Customer 1466,Chennai,Tamil Nadu,South,Consumer,2023-06-01
C01467,Customer 1467,Jaipur,Rajasthan,North,Consumer,2023-08-18
C01468,Customer 1468,Nashik,Maharashtra,West,Consumer,2023-06-06
C01469,Customer 1469,Chennai,Tamil Nadu,South,Consumer,2024-03-24
C01470,Customer 1470,Pune,Maharashtra,West,Consumer,2022-05-31
C01471,Customer 1471,Bhubaneswar,Odisha,East,Consumer,2023-10-19
C01472,Customer 1472,Pune,Maharashtra,West,Corporate,2024-05-27
C01473,Customer 1473,Mumbai,Maharashtra,West,Consumer,2022-07-18
C01474,Customer 1474,Lucknow,Uttar Pradesh,North,Home Office,2022-08-18
C01475,Customer 1475,Chandigarh,Chandigarh,North,Consumer,2023-03-04
C01476,Customer 1476,Lucknow,Uttar Pradesh,North,Corporate,2023-10-15
C01477,Customer 1477,Jaipur,Rajasthan,North,Corporate,2024-05-13
C01478,Customer 1478,Patna,Bihar,East,Corporate,2023-12-18
C01479,Customer 1479,Lucknow,Uttar Pradesh,North,Corporate,2023-12-16
C01480,Customer 1480,Lucknow,Uttar Pradesh,North,Home Office,2023-02-02
C01481,Customer 1481,Delhi,Delhi,North,Corporate,2023-08-04
C01482,Customer 1482,Mumbai,Maharashtra,West,Consumer,2022-07-10
C01483,Customer 1483,Bengaluru,Karnataka,South,Consumer,2023-02-21
C01484,Customer 1484,Nashik,Maharashtra,West,Corporate,2022-06-20
C01485,Customer 1485,Bengaluru,Karnataka,South,Consumer,2022-01-25
C01486,Customer 1486,Mumbai,Maharashtra,West,Consumer,2024-02-10
C01487,Customer 1487,Patna,Bihar,East,Consumer,2023-12-26
C01488,Customer 1488,Jaipur,Rajasthan,North,Consumer,2023-04-05
C01489,Customer 1489,Kolkata,West Bengal,East,Consumer,2022-01-14
C01490,Customer 1490,Lucknow,Uttar Pradesh,North,Corporate,2022-03-23
C01491,Customer 1491,Mumbai,Maharashtra,West,Corporate,2022-04-11
C01492,Customer 1492,Hyderabad,Telangana,South,Corporate,2023-10-08
C01493,Customer 1493,Bengaluru,Karnataka,South,Consumer,2022-07-03
C01494,Customer 1494,Hyderabad,Telangana,South,Consumer,2022-08-14
C01495,Customer 1495,Delhi,Delhi,North,Consumer,2024-02-14
C01496,Customer 1496,Bengaluru,Karnataka,South,Consumer,2024-02-28
C01497,Customer 1497,Kochi,Kerala,South,Corporate,2023-11-18
C01498,Customer 1498,Bengaluru,Karnataka,South,Consumer,2022-10-06
C01499,Customer 1499,Delhi,Delhi,North,Home Office,2023-06-06
C01500,Customer 1500,Chennai,Tamil Nadu,South,Consumer,2022-06-30
