order_month,revenue,profit,prev_month_revenue,mom_growth_pct,running_revenue
2023-01,4052915.0,465500.0,,,4052915.0
2023-02,4956420.0,412582.0,4052915.0,22.3,9009335.0
2023-03,6033903.0,722585.0,4956420.0,21.7,15043238.0
2023-04,7010635.0,659766.0,6033903.0,16.2,22053873.0
2023-05,8487455.0,906834.0,7010635.0,21.1,30541328.0
2023-06,9394212.0,751208.0,8487455.0,10.7,39935540.0
2023-07,8124888.0,731708.0,9394212.0,-13.5,48060428.0
2023-08,12020725.0,1104801.0,8124888.0,47.9,60081153.0
2023-09,10775770.0,1221820.0,12020725.0,-10.4,70856923.0
2023-10,19071739.0,1588440.0,10775770.0,77.0,89928662.0
2023-11,19979918.0,1551061.0,19071739.0,4.8,109908580.0
2023-12,17248453.0,1943663.0,19979918.0,-13.7,127157033.0
2024-01,12550625.0,1045291.0,17248453.0,-27.2,139707658.0
2024-02,16020603.0,1479537.0,12550625.0,27.6,155728261.0
2024-03,17143526.0,1434784.0,16020603.0,7.0,172871787.0
2024-04,17334498.0,1551125.0,17143526.0,1.1,190206285.0
2024-05,18517057.0,1747929.0,17334498.0,6.8,208723342.0
2024-06,19549156.0,1466149.0,18517057.0,5.6,228272498.0
2024-07,12295096.0,1263154.0,19549156.0,-37.1,240567594.0
2024-08,14429700.0,1289579.0,12295096.0,17.4,254997294.0
2024-09,16089760.0,1368334.0,14429700.0,11.5,271087054.0
2024-10,20476994.0,1949193.0,16089760.0,27.3,291564048.0
2024-11,22352478.0,1876628.0,20476994.0,9.2,313916526.0
2024-12,20936556.0,1596548.0,22352478.0,-6.3,334853082.0
