customer_id,customer_name,city,segment,signup_date,state,region
C00001,Customer 1,Hyderabad,Corporate,2023-07-12,Telangana,South
C00002,Customer 2,Jaipur,Home Office,2024-01-17,Rajasthan,North
C00003,Customer 3,Kochi,Consumer,2023-07-31,Kerala,South
C00004,Customer 4,Chennai,Consumer,2023-06-19,Tamil Nadu,South
C00005,Customer 5,Mumbai,Corporate,2023-02-25,Maharashtra,West
C00006,Customer 6,Patna,Consumer,2022-08-09,Bihar,East
C00007,Customer 7,Hyderabad,Corporate,2022-09-10,Telangana,South
C00008,Customer 8,Hyderabad,Consumer,2023-11-03,Telangana,South
C00009,Customer 9,Mumbai,Consumer,2022-03-04,Maharashtra,West
C00010,Customer 10,Jaipur,Corporate,2022-03-18,Rajasthan,North
C00011,Customer 11,Delhi,Consumer,2022-12-23,Delhi,North
C00012,Customer 12,Bhubaneswar,Consumer,2023-11-28,Odisha,East
C00013,Customer 13,Bengaluru,Corporate,2023-08-15,Karnataka,South
C00014,Customer 14,Hyderabad,Corporate,2023-06-15,Telangana,South
C00015,Customer 15,Jaipur,Home Office,2023-04-26,Rajasthan,North
C00016,Customer 16,Nashik,Consumer,2022-04-10,Maharashtra,West
C00017,Customer 17,Bengaluru,Consumer,2022-10-26,Karnataka,South
C00018,Customer 18,Mumbai,Home Office,2022-03-13,Maharashtra,West
C00019,Customer 19,Hyderabad,Consumer,2023-11-14,Telangana,South
C00020,Customer 20,Bengaluru,Consumer,2023-11-07,Karnataka,South
C00021,Customer 21,Hyderabad,Consumer,2022-08-21,Telangana,South
C00022,Customer 22,Delhi,Consumer,2022-09-21,Delhi,North
C00023,Customer 23,Patna,Home Office,2022-10-13,Bihar,East
C00024,Customer 24,Kolkata,Corporate,2024-03-11,West Bengal,East
C00025,Customer 25,Hyderabad,Corporate,2023-03-16,Telangana,South
C00026,Customer 26,Pune,Consumer,2023-11-17,Maharashtra,West
C00027,Customer 27,Jaipur,Consumer,2023-02-08,Rajasthan,North
C00028,Customer 28,Mumbai,Consumer,2023-09-21,Maharashtra,West
C00029,Customer 29,Pune,Consumer,2023-04-21,Maharashtra,West
C00030,Customer 30,Chennai,Consumer,2022-09-08,Tamil Nadu,South
C00031,Customer 31,Hyderabad,Consumer,2024-02-28,Telangana,South
C00032,Customer 32,Patna,Consumer,2023-10-01,Bihar,East
C00033,Customer 33,Delhi,Consumer,2023-11-24,Delhi,North
C00034,Customer 34,Delhi,Corporate,2024-05-03,Delhi,North
C00035,Customer 35,Jaipur,Consumer,2022-08-12,Rajasthan,North
C00036,Customer 36,Pune,Consumer,2022-03-24,Maharashtra,West
C00037,Customer 37,Mumbai,Corporate,2023-06-09,Maharashtra,West
C00038,Customer 38,Lucknow,Corporate,2022-10-21,Uttar Pradesh,North
C00039,Customer 39,Nashik,Corporate,2023-01-28,Maharashtra,West
C00040,Customer 40,Chennai,Consumer,2022-07-31,Tamil Nadu,South
C00041,Customer 41,Jaipur,Corporate,2022-12-25,Rajasthan,North
C00042,Customer 42,Kochi,Consumer,2022-12-20,Kerala,South
C00043,Customer 43,Chennai,Consumer,2022-11-12,Tamil Nadu,South
C00044,Customer 44,Delhi,Consumer,2023-10-31,Delhi,North
C00045,Customer 45,Kochi,Consumer,2023-06-18,Kerala,South
C00046,Customer 46,Hyderabad,Consumer,2023-03-03,Telangana,South
C00047,Customer 47,Delhi,Consumer,2022-04-12,Delhi,North
C00048,Customer 48,Ahmedabad,Corporate,2023-05-29,Gujarat,West
C00049,Customer 49,Chennai,Consumer,2022-06-07,Tamil Nadu,South
C00050,Customer 50,Mumbai,Consumer,2022-10-10,Maharashtra,West
C00051,Customer 51,Pune,Consumer,2023-01-09,Maharashtra,West
C00052,Customer 52,Mumbai,Consumer,2022-05-08,Maharashtra,West
C00053,Customer 53,Hyderabad,Consumer,2022-12-17,Telangana,South
C00054,Customer 54,Chennai,Consumer,2022-08-29,Tamil Nadu,South
C00055,Customer 55,Chennai,Consumer,2024-02-04,Tamil Nadu,South
C00056,Customer 56,Hyderabad,Corporate,2024-02-13,Telangana,South
C00057,Customer 57,Jaipur,Home Office,2022-01-05,Rajasthan,North
C00058,Customer 58,Bengaluru,Consumer,2023-06-27,Karnataka,South
C00059,Customer 59,MUMBAI ,Corporate,2023-07-31,Maharashtra,West
C00060,Customer 60,Mumbai,Home Office,2022-12-07,Maharashtra,West
C00061,Customer 61,Chennai,Home Office,2023-02-27,Tamil Nadu,South
C00062,Customer 62,Lucknow,Corporate,2023-12-12,Uttar Pradesh,North
C00063,Customer 63,Bengaluru,Home Office,2022-12-07,Karnataka,South
C00064,Customer 64,Hyderabad,Home Office,2022-02-28,Telangana,South
C00065,Customer 65,Bengaluru,Corporate,2022-12-02,Karnataka,South
C00066,Customer 66,Bengaluru,Consumer,2022-08-17,Karnataka,South
C00067,Customer 67,Bengaluru,Consumer,2022-12-11,Karnataka,South
C00068,Customer 68,Ahmedabad,Consumer,2022-07-27,Gujarat,West
C00069,Customer 69,Mumbai,Consumer,2022-05-15,Maharashtra,West
C00070,Customer 70,Jaipur,Consumer,2024-06-05,Rajasthan,North
C00071,Customer 71,Pune,Consumer,2022-04-26,Maharashtra,West
C00072,Customer 72,Delhi,Consumer,2023-09-28,Delhi,North
C00073,Customer 73,KOCHI ,Consumer,2023-10-08,Kerala,South
C00074,Customer 74,Nashik,Corporate,2023-07-11,Maharashtra,West
C00075,Customer 75,Mumbai,Consumer,2024-03-31,Maharashtra,West
C00076,Customer 76,Ahmedabad,Consumer,2022-01-05,Gujarat,West
C00077,Customer 77,Ahmedabad,Corporate,2022-09-29,Gujarat,West
C00078,Customer 78,Chennai,Corporate,2022-06-15,Tamil Nadu,South
C00079,Customer 79,Bengaluru,Home Office,2023-06-04,Karnataka,South
C00080,Customer 80,Hyderabad,Home Office,2023-07-26,Telangana,South
C00081,Customer 81,Chennai,Home Office,2024-03-19,Tamil Nadu,South
C00082,Customer 82,Delhi,Consumer,2022-12-08,Delhi,North
C00083,Customer 83,Hyderabad,Consumer,2022-08-01,Telangana,South
C00084,Customer 84,Pune,Consumer,2024-04-11,Maharashtra,West
C00085,Customer 85,Mumbai,Corporate,2023-08-29,Maharashtra,West
C00086,Customer 86,Mumbai,Home Office,2023-11-20,Maharashtra,West
C00087,Customer 87,Chennai,Consumer,2023-02-05,Tamil Nadu,South
C00088,Customer 88,Jaipur,Consumer,2023-02-07,Rajasthan,North
C00089,Customer 89,Pune,Consumer,2022-12-17,Maharashtra,West
C00090,Customer 90,Lucknow,Consumer,2023-11-06,Uttar Pradesh,North
C00091,Customer 91,Pune,Consumer,2022-07-09,Maharashtra,West
C00092,Customer 92,Chennai,Consumer,2024-05-27,Tamil Nadu,South
C00093,Customer 93,Jaipur,Home Office,2022-06-08,Rajasthan,North
C00094,Customer 94,Delhi,Consumer,2023-02-19,Delhi,North
C00095,Customer 95,Ahmedabad,Corporate,2022-10-11,Gujarat,West
C00096,Customer 96,Bengaluru,Corporate,2023-08-02,Karnataka,South
C00097,Customer 97,Delhi,Consumer,2023-09-05,Delhi,North
C00098,Customer 98,Mumbai,Consumer,2024-04-06,Maharashtra,West
C00099,Customer 99,Mumbai,Corporate,2023-12-12,Maharashtra,West
C00100,Customer 100,Patna,Consumer,2022-08-12,Bihar,East
C00101,Customer 101,Kolkata,Home Office,2022-07-05,West Bengal,East
C00102,Customer 102,Chennai,Consumer,2024-03-08,Tamil Nadu,South
C00103,Customer 103,AHMEDABAD ,Corporate,2023-03-16,Gujarat,West
C00104,Customer 104,Patna,Corporate,2022-03-29,Bihar,East
C00105,Customer 105,Hyderabad,Consumer,2024-01-13,Telangana,South
C00106,Customer 106,Chennai,Consumer,2023-08-07,Tamil Nadu,South
C00107,Customer 107,Jaipur,Home Office,2022-01-24,Rajasthan,North
C00108,Customer 108,Ahmedabad,Consumer,2023-12-06,Gujarat,West
C00109,Customer 109,Mumbai,Consumer,2023-07-01,Maharashtra,West
C00110,Customer 110,Kolkata,Consumer,2023-07-08,West Bengal,East
C00111,Customer 111,Jaipur,Consumer,2024-02-18,Rajasthan,North
C00112,Customer 112,Pune,Corporate,2023-03-22,Maharashtra,West
C00113,Customer 113,Ahmedabad,Corporate,2023-02-20,Gujarat,West
C00114,Customer 114,BENGALURU ,Consumer,2023-07-10,Karnataka,South
C00115,Customer 115,Pune,Corporate,2022-06-28,Maharashtra,West
C00116,Customer 116,Kochi,Consumer,2022-05-17,Kerala,South
C00117,Customer 117,Hyderabad,Consumer,2024-01-30,Telangana,South
C00118,Customer 118,Chennai,Consumer,2022-07-14,Tamil Nadu,South
C00119,Customer 119,Jaipur,Home Office,2023-03-30,Rajasthan,North
C00120,Customer 120,Bengaluru,Consumer,2022-08-31,Karnataka,South
C00121,Customer 121,Bengaluru,Consumer,2022-07-27,Karnataka,South
C00122,Customer 122,Bengaluru,Consumer,2023-06-23,Karnataka,South
C00123,Customer 123,Mumbai,Corporate,2023-12-24,Maharashtra,West
C00124,Customer 124,Delhi,Consumer,2023-02-02,Delhi,North
C00125,Customer 125,Mumbai,Consumer,2022-05-05,Maharashtra,West
C00126,Customer 126,Lucknow,Corporate,2022-08-09,Uttar Pradesh,North
C00127,Customer 127,Delhi,Consumer,2022-05-29,Delhi,North
C00128,Customer 128,Pune,Consumer,2024-03-05,Maharashtra,West
C00129,Customer 129,Mumbai,Consumer,2022-10-15,Maharashtra,West
C00130,Customer 130,Bengaluru,Consumer,2022-12-03,Karnataka,South
C00131,Customer 131,Pune,Consumer,2022-03-05,Maharashtra,West
C00132,Customer 132,Bhubaneswar,Home Office,2023-02-06,Odisha,East
C00133,Customer 133,BENGALURU ,Corporate,2024-04-02,Karnataka,South
C00134,Customer 134,Delhi,Corporate,2023-01-04,Delhi,North
C00135,Customer 135,Bengaluru,Home Office,2023-08-10,Karnataka,South
C00136,Customer 136,Mumbai,Consumer,2022-06-13,Maharashtra,West
C00137,Customer 137,Patna,Consumer,2022-05-09,Bihar,East
C00138,Customer 138,Lucknow,Home Office,2023-10-21,Uttar Pradesh,North
C00139,Customer 139,Hyderabad,Consumer,2022-03-01,Telangana,South
C00140,Customer 140,Mumbai,Corporate,2023-02-08,Maharashtra,West
C00141,Customer 141,Lucknow,Corporate,2022-10-13,Uttar Pradesh,North
C00142,Customer 142,Lucknow,Consumer,2022-01-15,Uttar Pradesh,North
C00143,Customer 143,Bhubaneswar,Consumer,2023-04-24,Odisha,East
C00144,Customer 144,Bengaluru,Consumer,2024-05-17,Karnataka,South
C00145,Customer 145,Lucknow,Consumer,2022-03-04,Uttar Pradesh,North
C00146,Customer 146,Ahmedabad,Consumer,2024-01-05,Gujarat,West
C00147,Customer 147,Delhi,Consumer,2023-05-01,Delhi,North
C00148,Customer 148,Chandigarh,Corporate,2023-10-14,Chandigarh,North
C00149,Customer 149,Jaipur,Home Office,2022-03-28,Rajasthan,North
C00150,Customer 150,Mumbai,Corporate,2024-02-22,Maharashtra,West
C00151,Customer 151,Hyderabad,Consumer,2022-01-11,Telangana,South
C00152,Customer 152,Kolkata,Consumer,2024-03-27,West Bengal,East
C00153,Customer 153,Pune,Consumer,2023-08-16,Maharashtra,West
C00154,Customer 154,Bengaluru,Consumer,2022-10-31,Karnataka,South
C00155,Customer 155,Mumbai,Home Office,2022-01-07,Maharashtra,West
C00156,Customer 156,Chennai,Consumer,2023-07-04,Tamil Nadu,South
C00157,Customer 157,Ahmedabad,Consumer,2022-03-20,Gujarat,West
C00158,Customer 158,Bengaluru,Corporate,2023-07-02,Karnataka,South
C00159,Customer 159,CHENNAI ,Consumer,2023-11-27,Tamil Nadu,South
C00160,Customer 160,Hyderabad,Consumer,2022-08-29,Telangana,South
C00161,Customer 161,Mumbai,Consumer,2022-08-03,Maharashtra,West
C00162,Customer 162,Kolkata,Corporate,2022-07-19,West Bengal,East
C00163,Customer 163,Nashik,Corporate,2022-07-22,Maharashtra,West
C00164,Customer 164,Mumbai,Consumer,2022-04-13,Maharashtra,West
C00165,Customer 165,Bengaluru,Home Office,2022-08-13,Karnataka,South
C00166,Customer 166,Delhi,Home Office,2023-08-17,Delhi,North
C00167,Customer 167,Hyderabad,Corporate,2022-09-30,Telangana,South
C00168,Customer 168,Hyderabad,Consumer,2023-12-04,Telangana,South
C00169,Customer 169,Delhi,Consumer,2024-01-08,Delhi,North
C00170,Customer 170,Patna,Home Office,2023-11-16,Bihar,East
C00171,Customer 171,Ahmedabad,Consumer,2023-05-01,Gujarat,West
C00172,Customer 172,Chandigarh,Corporate,2022-10-12,Chandigarh,North
C00173,Customer 173,Ahmedabad,Corporate,2024-04-16,Gujarat,West
C00174,Customer 174,Bhubaneswar,Consumer,2022-07-04,Odisha,East
C00175,Customer 175,Pune,Corporate,2023-02-23,Maharashtra,West
C00176,Customer 176,Mumbai,Home Office,2023-02-13,Maharashtra,West
C00177,Customer 177,Jaipur,Corporate,2023-11-03,Rajasthan,North
C00178,Customer 178,Patna,Consumer,2023-05-08,Bihar,East
C00179,Customer 179,Kolkata,Home Office,2023-12-21,West Bengal,East
C00180,Customer 180,Hyderabad,Consumer,2024-04-07,Telangana,South
C00181,Customer 181,Kolkata,Corporate,2022-12-18,West Bengal,East
C00182,Customer 182,Kolkata,Corporate,2024-02-27,West Bengal,East
C00183,Customer 183,Chandigarh,Corporate,2022-06-02,Chandigarh,North
C00184,Customer 184,Delhi,Consumer,2024-04-04,Delhi,North
C00185,Customer 185,Hyderabad,Consumer,2022-06-10,Telangana,South
C00186,Customer 186,Chennai,Consumer,2024-02-05,Tamil Nadu,South
C00187,Customer 187,DELHI ,Consumer,2022-12-18,Delhi,North
C00188,Customer 188,Mumbai,Consumer,2024-05-18,Maharashtra,West
C00189,Customer 189,HYDERABAD ,Consumer,2022-04-27,Telangana,South
C00190,Customer 190,Ahmedabad,Consumer,2023-02-23,Gujarat,West
C00191,Customer 191,Bhubaneswar,Corporate,2024-03-22,Odisha,East
C00192,Customer 192,Nashik,Home Office,2022-02-12,Maharashtra,West
C00193,Customer 193,Mumbai,Consumer,2022-08-27,Maharashtra,West
C00194,Customer 194,Kochi,Corporate,2022-03-17,Kerala,South
C00195,Customer 195,Pune,Corporate,2022-10-17,Maharashtra,West
C00196,Customer 196,Pune,Consumer,2022-12-18,Maharashtra,West
C00197,Customer 197,Bengaluru,Consumer,2023-07-12,Karnataka,South
C00198,Customer 198,Kolkata,Corporate,2022-08-20,West Bengal,East
C00199,Customer 199,Pune,Home Office,2022-05-23,Maharashtra,West
C00200,Customer 200,Delhi,Corporate,2022-06-02,Delhi,North
C00201,Customer 201,Hyderabad,Home Office,2024-04-24,Telangana,South
C00202,Customer 202,Patna,Home Office,2024-05-07,Bihar,East
C00203,Customer 203,Lucknow,Consumer,2022-07-19,Uttar Pradesh,North
C00204,Customer 204,Pune,Corporate,2022-06-25,Maharashtra,West
C00205,Customer 205,Mumbai,Consumer,2022-02-18,Maharashtra,West
C00206,Customer 206,Nashik,Home Office,2024-05-13,Maharashtra,West
C00207,Customer 207,Mumbai,Consumer,2023-09-28,Maharashtra,West
C00208,Customer 208,Chennai,Consumer,2023-11-16,Tamil Nadu,South
C00209,Customer 209,Mumbai,Home Office,2022-09-19,Maharashtra,West
C00210,Customer 210,Lucknow,Consumer,2023-07-31,Uttar Pradesh,North
C00211,Customer 211,Chennai,Corporate,2022-02-23,Tamil Nadu,South
C00212,Customer 212,Bengaluru,Consumer,2023-09-01,Karnataka,South
C00213,Customer 213,Pune,Home Office,2023-06-06,Maharashtra,West
C00214,Customer 214,Hyderabad,Home Office,2022-10-26,Telangana,South
C00215,Customer 215,Chennai,Consumer,2023-10-02,Tamil Nadu,South
C00216,Customer 216,Chennai,Corporate,2023-08-05,Tamil Nadu,South
C00217,Customer 217,Mumbai,Consumer,2023-01-31,Maharashtra,West
C00218,Customer 218,Mumbai,Corporate,2022-06-18,Maharashtra,West
C00219,Customer 219,Bhubaneswar,Corporate,2022-01-22,Odisha,East
C00220,Customer 220,Delhi,Corporate,2024-04-23,Delhi,North
C00221,Customer 221,Ahmedabad,Consumer,2022-09-11,Gujarat,West
C00222,Customer 222,Lucknow,Consumer,2022-09-29,Uttar Pradesh,North
C00223,Customer 223,Chennai,Corporate,2023-09-05,Tamil Nadu,South
C00224,Customer 224,Patna,Consumer,2022-08-18,Bihar,East
C00225,Customer 225,Ahmedabad,Consumer,2022-12-05,Gujarat,West
C00226,Customer 226,Bhubaneswar,Consumer,2023-10-03,Odisha,East
C00227,Customer 227,Mumbai,Consumer,2023-06-20,Maharashtra,West
C00228,Customer 228,Bengaluru,Home Office,2023-08-14,Karnataka,South
C00229,Customer 229,Bengaluru,Consumer,2022-01-05,Karnataka,South
C00230,Customer 230,Mumbai,Consumer,2023-02-11,Maharashtra,West
C00231,Customer 231,Pune,Home Office,2023-03-04,Maharashtra,West
C00232,Customer 232,Delhi,Consumer,2023-07-24,Delhi,North
C00233,Customer 233,Patna,Corporate,2022-05-17,Bihar,East
C00234,Customer 234,BENGALURU ,Consumer,2022-05-24,Karnataka,South
C00235,Customer 235,Bhubaneswar,Home Office,2023-11-18,Odisha,East
C00236,Customer 236,Hyderabad,Corporate,2023-08-29,Telangana,South
C00237,Customer 237,Jaipur,Home Office,2024-01-01,Rajasthan,North
C00238,Customer 238,Hyderabad,Consumer,2022-09-01,Telangana,South
C00239,Customer 239,Mumbai,Consumer,2024-06-16,Maharashtra,West
C00240,Customer 240,Mumbai,Corporate,2022-09-03,Maharashtra,West
C00241,Customer 241,Hyderabad,Consumer,2023-08-09,Telangana,South
C00242,Customer 242,Hyderabad,Consumer,2022-05-26,Telangana,South
C00243,Customer 243,Nashik,Consumer,2024-04-06,Maharashtra,West
C00244,Customer 244,Chandigarh,Home Office,2022-10-27,Chandigarh,North
C00245,Customer 245,Bengaluru,Corporate,2023-12-24,Karnataka,South
C00246,Customer 246,Kolkata,Corporate,2022-10-26,West Bengal,East
C00247,Customer 247,Bengaluru,Corporate,2023-12-13,Karnataka,South
C00248,Customer 248,Delhi,Consumer,2023-02-13,Delhi,North
C00249,Customer 249,Delhi,Consumer,2022-02-26,Delhi,North
C00250,Customer 250,Delhi,Consumer,2022-06-21,Delhi,North
C00251,Customer 251,Bengaluru,Corporate,2023-09-08,Karnataka,South
C00252,Customer 252,Kolkata,Consumer,2022-06-23,West Bengal,East
C00253,Customer 253,Jaipur,Home Office,2022-09-05,Rajasthan,North
C00254,Customer 254,Nashik,Corporate,2023-05-03,Maharashtra,West
C00255,Customer 255,Nashik,Consumer,2022-08-16,Maharashtra,West
C00256,Customer 256,Hyderabad,Consumer,2022-04-26,Telangana,South
C00257,Customer 257,Hyderabad,Consumer,2023-07-16,Telangana,South
C00258,Customer 258,Mumbai,Home Office,2023-09-13,Maharashtra,West
C00259,Customer 259,Mumbai,Home Office,2023-10-22,Maharashtra,West
C00260,Customer 260,Bengaluru,Home Office,2024-04-29,Karnataka,South
C00261,Customer 261,PUNE ,Consumer,2022-04-23,Maharashtra,West
C00262,Customer 262,Hyderabad,Consumer,2023-01-20,Telangana,South
C00263,Customer 263,Delhi,Consumer,2022-07-30,Delhi,North
C00264,Customer 264,Pune,Consumer,2024-03-21,Maharashtra,West
C00265,Customer 265,Bhubaneswar,Consumer,2023-05-01,Odisha,East
C00266,Customer 266,PUNE ,Consumer,2022-03-30,Maharashtra,West
C00267,Customer 267,Ahmedabad,Home Office,2023-09-15,Gujarat,West
C00268,Customer 268,Pune,Consumer,2022-02-08,Maharashtra,West
C00269,Customer 269,Mumbai,Consumer,2022-09-04,Maharashtra,West
C00270,Customer 270,Mumbai,Corporate,2023-10-12,Maharashtra,West
C00271,Customer 271,Mumbai,Consumer,2023-04-01,Maharashtra,West
C00272,Customer 272,Pune,Corporate,2023-11-16,Maharashtra,West
C00273,Customer 273,Mumbai,Corporate,2023-05-30,Maharashtra,West
C00274,Customer 274,Bengaluru,Home Office,2024-01-29,Karnataka,South
C00275,Customer 275,Chennai,Corporate,2023-05-22,Tamil Nadu,South
C00276,Customer 276,Delhi,Consumer,2022-02-21,Delhi,North
C00277,Customer 277,Delhi,Corporate,2022-03-06,Delhi,North
C00278,Customer 278,Lucknow,Consumer,2023-12-01,Uttar Pradesh,North
C00279,Customer 279,Kolkata,Consumer,2022-02-04,West Bengal,East
C00280,Customer 280,Kochi,Consumer,2022-12-05,Kerala,South
C00281,Customer 281,MUMBAI ,Consumer,2022-01-15,Maharashtra,West
C00282,Customer 282,Pune,Corporate,2022-10-01,Maharashtra,West
C00283,Customer 283,Nashik,Consumer,2023-06-20,Maharashtra,West
C00284,Customer 284,Nashik,Consumer,2022-06-05,Maharashtra,West
C00285,Customer 285,Bengaluru,Consumer,2023-02-24,Karnataka,South
C00286,Customer 286,Delhi,Corporate,2024-06-15,Delhi,North
C00287,Customer 287,MUMBAI ,Consumer,2022-03-05,Maharashtra,West
C00288,Customer 288,Delhi,Corporate,2022-02-27,Delhi,North
C00289,Customer 289,Chandigarh,Home Office,2022-09-02,Chandigarh,North
C00290,Customer 290,Mumbai,Consumer,2024-01-15,Maharashtra,West
C00291,Customer 291,Kochi,Corporate,2023-01-01,Kerala,South
C00292,Customer 292,Mumbai,Consumer,2023-07-30,Maharashtra,West
C00293,Customer 293,Bhubaneswar,Consumer,2022-01-31,Odisha,East
C00294,Customer 294,Mumbai,Corporate,2023-10-24,Maharashtra,West
C00295,Customer 295,Kochi,Home Office,2022-03-02,Kerala,South
C00296,Customer 296,Kolkata,Consumer,2023-10-03,West Bengal,East
C00297,Customer 297,Patna,Consumer,2022-05-14,Bihar,East
C00298,Customer 298,Hyderabad,Consumer,2024-02-12,Telangana,South
C00299,Customer 299,Hyderabad,Consumer,2022-09-24,Telangana,South
C00300,Customer 300,Bengaluru,Corporate,2022-06-15,Karnataka,South
C00301,Customer 301,Hyderabad,Corporate,2022-10-31,Telangana,South
C00302,Customer 302,Mumbai,Corporate,2022-01-01,Maharashtra,West
C00303,Customer 303,Chandigarh,Consumer,2022-05-29,Chandigarh,North
C00304,Customer 304,Chandigarh,Corporate,2023-06-23,Chandigarh,North
C00305,Customer 305,Kochi,Corporate,2022-09-28,Kerala,South
C00306,Customer 306,Jaipur,Corporate,2022-11-15,Rajasthan,North
C00307,Customer 307,Delhi,Consumer,2023-12-28,Delhi,North
C00308,Customer 308,Bengaluru,Consumer,2022-04-22,Karnataka,South
C00309,Customer 309,Ahmedabad,Consumer,2022-12-23,Gujarat,West
C00310,Customer 310,MUMBAI ,Consumer,2022-06-17,Maharashtra,West
C00311,Customer 311,Lucknow,Consumer,2023-03-11,Uttar Pradesh,North
C00312,Customer 312,Delhi,Consumer,2022-10-26,Delhi,North
C00313,Customer 313,Nashik,Corporate,2022-02-11,Maharashtra,West
C00314,Customer 314,Delhi,Consumer,2022-03-05,Delhi,North
C00315,Customer 315,Delhi,Corporate,2024-02-07,Delhi,North
C00316,Customer 316,Delhi,Consumer,2022-02-21,Delhi,North
C00317,Customer 317,Delhi,Corporate,2023-12-06,Delhi,North
C00318,Customer 318,Chennai,Consumer,2024-04-04,Tamil Nadu,South
C00319,Customer 319,Ahmedabad,Consumer,2023-02-24,Gujarat,West
C00320,Customer 320,Bhubaneswar,Corporate,2022-10-08,Odisha,East
C00321,Customer 321,Kolkata,Home Office,2023-11-30,West Bengal,East
C00322,Customer 322,Lucknow,Consumer,2024-06-03,Uttar Pradesh,North
C00323,Customer 323,Delhi,Consumer,2022-04-19,Delhi,North
C00324,Customer 324,Chandigarh,Corporate,2024-05-17,Chandigarh,North
C00325,Customer 325,Kochi,Corporate,2024-04-29,Kerala,South
C00326,Customer 326,BENGALURU ,Consumer,2022-05-09,Karnataka,South
C00327,Customer 327,Hyderabad,Consumer,2022-02-19,Telangana,South
C00328,Customer 328,Chandigarh,Consumer,2023-10-06,Chandigarh,North
C00329,Customer 329,Bengaluru,Home Office,2022-03-11,Karnataka,South
C00330,Customer 330,Ahmedabad,Consumer,2023-06-25,Gujarat,West
C00331,Customer 331,Chennai,Consumer,2022-02-28,Tamil Nadu,South
C00332,Customer 332,Pune,Home Office,2023-09-14,Maharashtra,West
C00333,Customer 333,Chennai,Consumer,2022-07-28,Tamil Nadu,South
C00334,Customer 334,Kolkata,Consumer,2022-03-28,West Bengal,East
C00335,Customer 335,Mumbai,Consumer,2022-03-01,Maharashtra,West
C00336,Customer 336,Bengaluru,Consumer,2022-06-19,Karnataka,South
C00337,Customer 337,Mumbai,Consumer,2023-05-02,Maharashtra,West
C00338,Customer 338,Chennai,Consumer,2022-03-10,Tamil Nadu,South
C00339,Customer 339,Mumbai,Corporate,2023-12-24,Maharashtra,West
C00340,Customer 340,Bhubaneswar,Corporate,2023-06-28,Odisha,East
C00341,Customer 341,Mumbai,Consumer,2022-09-25,Maharashtra,West
C00342,Customer 342,Patna,Consumer,2024-06-06,Bihar,East
C00343,Customer 343,Hyderabad,Consumer,2023-08-16,Telangana,South
C00344,Customer 344,Bengaluru,Home Office,2023-08-28,Karnataka,South
C00345,Customer 345,Hyderabad,Consumer,2022-06-06,Telangana,South
C00346,Customer 346,Hyderabad,Corporate,2023-10-02,Telangana,South
C00347,Customer 347,Bhubaneswar,Consumer,2023-05-19,Odisha,East
C00348,Customer 348,Ahmedabad,Corporate,2024-06-05,Gujarat,West
C00349,Customer 349,Bengaluru,Consumer,2023-03-07,Karnataka,South
C00350,Customer 350,Mumbai,Corporate,2023-09-03,Maharashtra,West
C00351,Customer 351,Bengaluru,Consumer,2022-11-04,Karnataka,South
C00352,Customer 352,Pune,Home Office,2022-02-06,Maharashtra,West
C00353,Customer 353,Bengaluru,Consumer,2022-04-26,Karnataka,South
C00354,Customer 354,Bengaluru,Corporate,2024-02-20,Karnataka,South
C00355,Customer 355,Jaipur,Corporate,2023-10-27,Rajasthan,North
C00356,Customer 356,Chandigarh,Home Office,2022-11-25,Chandigarh,North
C00357,Customer 357,Hyderabad,Consumer,2023-09-21,Telangana,South
C00358,Customer 358,Hyderabad,Consumer,2022-01-04,Telangana,South
C00359,Customer 359,Lucknow,Consumer,2022-02-03,Uttar Pradesh,North
C00360,Customer 360,Bengaluru,Consumer,2023-04-02,Karnataka,South
C00361,Customer 361,Bhubaneswar,Consumer,2023-07-17,Odisha,East
C00362,Customer 362,Mumbai,Home Office,2024-04-23,Maharashtra,West
C00363,Customer 363,Mumbai,Home Office,2023-11-15,Maharashtra,West
C00364,Customer 364,Mumbai,Consumer,2022-08-20,Maharashtra,West
C00365,Customer 365,Bengaluru,Corporate,2024-01-04,Karnataka,South
C00366,Customer 366,Delhi,Home Office,2023-03-19,Delhi,North
C00367,Customer 367,HYDERABAD ,Home Office,2024-01-14,Telangana,South
C00368,Customer 368,Chennai,Consumer,2022-06-06,Tamil Nadu,South
C00369,Customer 369,Delhi,Consumer,2022-01-24,Delhi,North
C00370,Customer 370,Kolkata,Corporate,2022-02-21,West Bengal,East
C00371,Customer 371,Hyderabad,Consumer,2024-06-10,Telangana,South
C00372,Customer 372,Ahmedabad,Consumer,2022-03-14,Gujarat,West
C00373,Customer 373,Delhi,Home Office,2024-04-25,Delhi,North
C00374,Customer 374,Delhi,Home Office,2023-10-17,Delhi,North
C00375,Customer 375,Pune,Home Office,2022-05-12,Maharashtra,West
C00376,Customer 376,Pune,Corporate,2024-02-17,Maharashtra,West
C00377,Customer 377,Bhubaneswar,Consumer,2022-05-10,Odisha,East
C00378,Customer 378,JAIPUR ,Consumer,2022-05-09,Rajasthan,North
C00379,Customer 379,Delhi,Consumer,2023-06-02,Delhi,North
C00380,Customer 380,Chennai,Consumer,2022-09-17,Tamil Nadu,South
C00381,Customer 381,Bengaluru,Consumer,2022-09-19,Karnataka,South
C00382,Customer 382,Bhubaneswar,Corporate,2022-06-25,Odisha,East
C00383,Customer 383,Hyderabad,Consumer,2023-07-01,Telangana,South
C00384,Customer 384,Lucknow,Corporate,2022-01-25,Uttar Pradesh,North
C00385,Customer 385,Delhi,Consumer,2022-08-09,Delhi,North
C00386,Customer 386,PATNA ,Consumer,2023-05-14,Bihar,East
C00387,Customer 387,Chennai,Consumer,2023-03-14,Tamil Nadu,South
C00388,Customer 388,Patna,Consumer,2023-09-22,Bihar,East
C00389,Customer 389,Mumbai,Home Office,2022-07-14,Maharashtra,West
C00390,Customer 390,Kochi,Consumer,2023-08-07,Kerala,South
C00391,Customer 391,Bengaluru,Consumer,2023-11-15,Karnataka,South
C00392,Customer 392,Mumbai,Corporate,2022-12-16,Maharashtra,West
C00393,Customer 393,Bengaluru,Consumer,2022-08-20,Karnataka,South
C00394,Customer 394,Chennai,Consumer,2023-05-15,Tamil Nadu,South
C00395,Customer 395,Mumbai,Consumer,2023-06-05,Maharashtra,West
C00396,Customer 396,Jaipur,Consumer,2022-03-26,Rajasthan,North
C00397,Customer 397,Hyderabad,Corporate,2023-05-24,Telangana,South
C00398,Customer 398,Ahmedabad,Consumer,2022-05-19,Gujarat,West
C00399,Customer 399,Jaipur,Consumer,2023-05-27,Rajasthan,North
C00400,Customer 400,Jaipur,Consumer,2024-04-18,Rajasthan,North
C00401,Customer 401,Ahmedabad,Consumer,2023-04-29,Gujarat,West
C00402,Customer 402,Kolkata,Consumer,2023-11-17,West Bengal,East
C00403,Customer 403,Hyderabad,Corporate,2022-10-06,Telangana,South
C00404,Customer 404,Mumbai,Consumer,2024-04-10,Maharashtra,West
C00405,Customer 405,Patna,Corporate,2024-01-02,Bihar,East
C00406,Customer 406,Kolkata,Consumer,2024-04-05,West Bengal,East
C00407,Customer 407,Ahmedabad,Consumer,2023-10-30,Gujarat,West
C00408,Customer 408,Kochi,Consumer,2023-08-08,Kerala,South
C00409,Customer 409,Mumbai,Corporate,2023-04-18,Maharashtra,West
C00410,Customer 410,Patna,Home Office,2024-04-15,Bihar,East
C00411,Customer 411,Chennai,Consumer,2024-02-03,Tamil Nadu,South
C00412,Customer 412,Bengaluru,Consumer,2023-01-11,Karnataka,South
C00413,Customer 413,Mumbai,Home Office,2022-03-19,Maharashtra,West
C00414,Customer 414,Kolkata,Consumer,2022-01-04,West Bengal,East
C00415,Customer 415,Mumbai,Consumer,2022-07-30,Maharashtra,West
C00416,Customer 416,Nashik,Consumer,2022-02-26,Maharashtra,West
C00417,Customer 417,Pune,Corporate,2022-07-10,Maharashtra,West
C00418,Customer 418,Hyderabad,Corporate,2022-04-09,Telangana,South
C00419,Customer 419,Pune,Consumer,2024-06-01,Maharashtra,West
C00420,Customer 420,Kolkata,Home Office,2022-03-27,West Bengal,East
C00421,Customer 421,Bengaluru,Consumer,2023-07-19,Karnataka,South
C00422,Customer 422,Mumbai,Consumer,2022-11-13,Maharashtra,West
C00423,Customer 423,Mumbai,Consumer,2022-06-06,Maharashtra,West
C00424,Customer 424,Mumbai,Consumer,2023-09-24,Maharashtra,West
C00425,Customer 425,Bengaluru,Consumer,2024-05-23,Karnataka,South
C00426,Customer 426,Hyderabad,Consumer,2023-12-13,Telangana,South
C00427,Customer 427,Nashik,Consumer,2024-05-27,Maharashtra,West
C00428,Customer 428,Kochi,Corporate,2023-06-16,Kerala,South
C00429,Customer 429,Mumbai,Consumer,2023-08-30,Maharashtra,West
C00430,Customer 430,Hyderabad,Consumer,2022-05-12,Telangana,South
C00431,Customer 431,Bhubaneswar,Corporate,2024-02-07,Odisha,East
C00432,Customer 432,Hyderabad,Corporate,2023-11-05,Telangana,South
C00433,Customer 433,Chennai,Corporate,2022-08-17,Tamil Nadu,South
C00434,Customer 434,Kochi,Corporate,2022-11-16,Kerala,South
C00435,Customer 435,Mumbai,Corporate,2023-07-04,Maharashtra,West
C00436,Customer 436,Pune,Consumer,2022-01-12,Maharashtra,West
C00437,Customer 437,Mumbai,Consumer,2024-01-07,Maharashtra,West
C00438,Customer 438,Lucknow,Corporate,2022-09-10,Uttar Pradesh,North
C00439,Customer 439,HYDERABAD ,Consumer,2022-03-09,Telangana,South
C00440,Customer 440,Bengaluru,Consumer,2022-10-25,Karnataka,South
C00441,Customer 441,Kochi,Consumer,2024-01-23,Kerala,South
C00442,Customer 442,Pune,Consumer,2022-09-04,Maharashtra,West
C00443,Customer 443,CHENNAI ,Consumer,2023-05-01,Tamil Nadu,South
C00444,Customer 444,Pune,Consumer,2024-01-01,Maharashtra,West
C00445,Customer 445,Ahmedabad,Corporate,2022-01-31,Gujarat,West
C00446,Customer 446,Chennai,Home Office,2023-11-15,Tamil Nadu,South
C00447,Customer 447,Patna,Consumer,2022-09-17,Bihar,East
C00448,Customer 448,Bengaluru,Home Office,2023-09-18,Karnataka,South
C00449,Customer 449,Mumbai,Consumer,2022-06-19,Maharashtra,West
C00450,Customer 450,Bengaluru,Home Office,2022-05-06,Karnataka,South
C00451,Customer 451,Mumbai,Home Office,2023-12-11,Maharashtra,West
C00452,Customer 452,Kolkata,Consumer,2023-12-29,West Bengal,East
C00453,Customer 453,Chennai,Corporate,2024-06-02,Tamil Nadu,South
C00454,Customer 454,Pune,Home Office,2023-09-02,Maharashtra,West
C00455,Customer 455,Mumbai,Home Office,2023-02-24,Maharashtra,West
C00456,Customer 456,Pune,Home Office,2022-06-25,Maharashtra,West
C00457,Customer 457,Patna,Consumer,2022-09-23,Bihar,East
C00458,Customer 458,Jaipur,Consumer,2023-08-07,Rajasthan,North
C00459,Customer 459,Hyderabad,Corporate,2022-11-08,Telangana,South
C00460,Customer 460,Bengaluru,Corporate,2023-03-12,Karnataka,South
C00461,Customer 461,Bengaluru,Corporate,2022-06-01,Karnataka,South
C00462,Customer 462,Pune,Consumer,2023-01-31,Maharashtra,West
C00463,Customer 463,Bhubaneswar,Consumer,2022-08-03,Odisha,East
C00464,Customer 464,Ahmedabad,Consumer,2022-04-11,Gujarat,West
C00465,Customer 465,Bengaluru,Corporate,2022-04-29,Karnataka,South
C00466,Customer 466,Chennai,Consumer,2023-04-12,Tamil Nadu,South
C00467,Customer 467,Bengaluru,Corporate,2022-11-26,Karnataka,South
C00468,Customer 468,Bhubaneswar,Corporate,2022-03-31,Odisha,East
C00469,Customer 469,Pune,Consumer,2023-04-08,Maharashtra,West
C00470,Customer 470,Lucknow,Consumer,2022-05-28,Uttar Pradesh,North
C00471,Customer 471,Delhi,Consumer,2022-01-14,Delhi,North
C00472,Customer 472,Lucknow,Home Office,2022-04-30,Uttar Pradesh,North
C00473,Customer 473,Mumbai,Corporate,2023-02-08,Maharashtra,West
C00474,Customer 474,MUMBAI ,Consumer,2024-05-08,Maharashtra,West
C00475,Customer 475,Ahmedabad,Consumer,2022-08-06,Gujarat,West
C00476,Customer 476,Ahmedabad,Consumer,2022-09-14,Gujarat,West
C00477,Customer 477,Delhi,Consumer,2022-08-07,Delhi,North
C00478,Customer 478,Bengaluru,Home Office,2022-11-16,Karnataka,South
C00479,Customer 479,Bengaluru,Corporate,2023-10-08,Karnataka,South
C00480,Customer 480,Delhi,Consumer,2022-10-17,Delhi,North
C00481,Customer 481,Delhi,Home Office,2023-08-15,Delhi,North
C00482,Customer 482,Pune,Consumer,2024-03-19,Maharashtra,West
C00483,Customer 483,Bengaluru,Home Office,2024-05-01,Karnataka,South
C00484,Customer 484,Delhi,Consumer,2023-05-22,Delhi,North
C00485,Customer 485,Mumbai,Corporate,2023-10-04,Maharashtra,West
C00486,Customer 486,Delhi,Home Office,2024-04-07,Delhi,North
C00487,Customer 487,Lucknow,Consumer,2023-12-10,Uttar Pradesh,North
C00488,Customer 488,NASHIK ,Corporate,2022-09-27,Maharashtra,West
C00489,Customer 489,Bengaluru,Home Office,2022-04-29,Karnataka,South
C00490,Customer 490,Bengaluru,Consumer,2022-04-14,Karnataka,South
C00491,Customer 491,Chennai,Consumer,2024-03-04,Tamil Nadu,South
C00492,Customer 492,Bengaluru,Corporate,2023-05-16,Karnataka,South
C00493,Customer 493,Bengaluru,Consumer,2022-09-24,Karnataka,South
C00494,Customer 494,Delhi,Consumer,2022-11-07,Delhi,North
C00495,Customer 495,Hyderabad,Consumer,2022-09-11,Telangana,South
C00496,Customer 496,Bengaluru,Corporate,2023-12-23,Karnataka,South
C00497,Customer 497,JAIPUR ,Consumer,2023-07-06,Rajasthan,North
C00498,Customer 498,BENGALURU ,Consumer,2024-03-02,Karnataka,South
C00499,Customer 499,Delhi,Corporate,2022-09-29,Delhi,North
C00500,Customer 500,Chandigarh,Consumer,2023-03-02,Chandigarh,North
C00501,Customer 501,Chennai,Corporate,2022-04-20,Tamil Nadu,South
C00502,Customer 502,Kolkata,Consumer,2024-05-24,West Bengal,East
C00503,Customer 503,Bhubaneswar,Home Office,2023-04-06,Odisha,East
C00504,Customer 504,Lucknow,Corporate,2023-05-13,Uttar Pradesh,North
C00505,Customer 505,Chandigarh,Consumer,2023-01-08,Chandigarh,North
C00506,Customer 506,Hyderabad,Home Office,2022-09-01,Telangana,South
C00507,Customer 507,Delhi,Consumer,2024-05-03,Delhi,North
C00508,Customer 508,Kochi,Consumer,2023-03-17,Kerala,South
C00509,Customer 509,Lucknow,Consumer,2023-08-31,Uttar Pradesh,North
C00510,Customer 510,Mumbai,Corporate,2022-02-03,Maharashtra,West
C00511,Customer 511,Mumbai,Consumer,2022-09-06,Maharashtra,West
C00512,Customer 512,Kochi,Consumer,2023-12-25,Kerala,South
C00513,Customer 513,Mumbai,Consumer,2022-03-21,Maharashtra,West
C00514,Customer 514,Ahmedabad,Consumer,2022-04-02,Gujarat,West
C00515,Customer 515,Delhi,Consumer,2023-12-30,Delhi,North
C00516,Customer 516,Pune,Consumer,2022-10-05,Maharashtra,West
C00517,Customer 517,Delhi,Consumer,2022-09-04,Delhi,North
C00518,Customer 518,Hyderabad,Consumer,2023-05-24,Telangana,South
C00519,Customer 519,Mumbai,Corporate,2022-06-25,Maharashtra,West
C00520,Customer 520,Hyderabad,Consumer,2022-02-08,Telangana,South
C00521,Customer 521,Kochi,Corporate,2022-01-05,Kerala,South
C00522,Customer 522,DELHI ,Consumer,2022-03-13,Delhi,North
C00523,Customer 523,Pune,Consumer,2022-05-23,Maharashtra,West
C00524,Customer 524,Bengaluru,Consumer,2023-09-19,Karnataka,South
C00525,Customer 525,Mumbai,Consumer,2022-09-26,Maharashtra,West
C00526,Customer 526,Delhi,Consumer,2022-03-06,Delhi,North
C00527,Customer 527,Patna,Corporate,2022-01-13,Bihar,East
C00528,Customer 528,Patna,Consumer,2023-03-06,Bihar,East
C00529,Customer 529,Hyderabad,Consumer,2024-01-27,Telangana,South
C00530,Customer 530,Delhi,Consumer,2022-11-01,Delhi,North
C00531,Customer 531,Chennai,Consumer,2022-02-27,Tamil Nadu,South
C00532,Customer 532,Chennai,Consumer,2022-07-25,Tamil Nadu,South
C00533,Customer 533,Delhi,Consumer,2023-03-26,Delhi,North
C00534,Customer 534,Bengaluru,Consumer,2022-06-19,Karnataka,South
C00535,Customer 535,Mumbai,Consumer,2024-05-30,Maharashtra,West
C00536,Customer 536,Pune,Corporate,2023-11-19,Maharashtra,West
C00537,Customer 537,Chandigarh,Home Office,2022-11-07,Chandigarh,North
C00538,Customer 538,PUNE ,Consumer,2024-05-06,Maharashtra,West
C00539,Customer 539,Pune,Corporate,2022-10-20,Maharashtra,West
C00540,Customer 540,Kochi,Corporate,2022-05-07,Kerala,South
C00541,Customer 541,Patna,Consumer,2024-04-24,Bihar,East
C00542,Customer 542,Bengaluru,Corporate,2024-05-13,Karnataka,South
C00543,Customer 543,KOCHI ,Corporate,2022-10-09,Kerala,South
C00544,Customer 544,Patna,Home Office,2023-06-20,Bihar,East
C00545,Customer 545,Pune,Home Office,2022-06-05,Maharashtra,West
C00546,Customer 546,Jaipur,Consumer,2023-08-01,Rajasthan,North
C00547,Customer 547,Delhi,Consumer,2023-09-14,Delhi,North
C00548,Customer 548,MUMBAI ,Consumer,2023-10-01,Maharashtra,West
C00549,Customer 549,Hyderabad,Consumer,2023-05-27,Telangana,South
C00550,Customer 550,Jaipur,Consumer,2023-09-26,Rajasthan,North
C00551,Customer 551,Jaipur,Home Office,2023-05-15,Rajasthan,North
C00552,Customer 552,Pune,Consumer,2024-01-08,Maharashtra,West
C00553,Customer 553,Pune,Consumer,2022-06-11,Maharashtra,West
C00554,Customer 554,Kolkata,Corporate,2023-03-12,West Bengal,East
C00555,Customer 555,Mumbai,Consumer,2023-01-10,Maharashtra,West
C00556,Customer 556,Nashik,Consumer,2023-04-26,Maharashtra,West
C00557,Customer 557,Ahmedabad,Home Office,2022-05-08,Gujarat,West
C00558,Customer 558,Lucknow,Consumer,2022-10-19,Uttar Pradesh,North
C00559,Customer 559,Bengaluru,Consumer,2024-05-08,Karnataka,South
C00560,Customer 560,Lucknow,Consumer,2022-04-05,Uttar Pradesh,North
C00561,Customer 561,Mumbai,Home Office,2023-07-26,Maharashtra,West
C00562,Customer 562,Nashik,Consumer,2023-08-22,Maharashtra,West
C00563,Customer 563,Kochi,Consumer,2023-03-04,Kerala,South
C00564,Customer 564,Bengaluru,Consumer,2022-01-31,Karnataka,South
C00565,Customer 565,Bengaluru,Consumer,2022-01-31,Karnataka,South
C00566,Customer 566,Chennai,Home Office,2022-09-06,Tamil Nadu,South
C00567,Customer 567,Hyderabad,Consumer,2022-04-03,Telangana,South
C00568,Customer 568,Mumbai,Home Office,2022-03-26,Maharashtra,West
C00569,Customer 569,Delhi,Consumer,2022-05-25,Delhi,North
C00570,Customer 570,Chandigarh,Consumer,2022-06-21,Chandigarh,North
C00571,Customer 571,Delhi,Home Office,2024-01-25,Delhi,North
C00572,Customer 572,Kochi,Consumer,2023-07-29,Kerala,South
C00573,Customer 573,Lucknow,Consumer,2022-01-28,Uttar Pradesh,North
C00574,Customer 574,Hyderabad,Home Office,2023-07-20,Telangana,South
C00575,Customer 575,KOCHI ,Consumer,2022-05-04,Kerala,South
C00576,Customer 576,Lucknow,Consumer,2023-01-14,Uttar Pradesh,North
C00577,Customer 577,Kolkata,Home Office,2022-02-04,West Bengal,East
C00578,Customer 578,BENGALURU ,Consumer,2022-03-23,Karnataka,South
C00579,Customer 579,Kochi,Consumer,2022-04-30,Kerala,South
C00580,Customer 580,Delhi,Consumer,2023-01-26,Delhi,North
C00581,Customer 581,Lucknow,Consumer,2023-02-21,Uttar Pradesh,North
C00582,Customer 582,Chandigarh,Consumer,2022-11-14,Chandigarh,North
C00583,Customer 583,Mumbai,Corporate,2023-07-13,Maharashtra,West
C00584,Customer 584,Delhi,Consumer,2023-10-11,Delhi,North
C00585,Customer 585,Kolkata,Corporate,2023-10-18,West Bengal,East
C00586,Customer 586,Bengaluru,Consumer,2023-06-06,Karnataka,South
C00587,Customer 587,Pune,Consumer,2023-05-07,Maharashtra,West
C00588,Customer 588,Delhi,Consumer,2023-03-19,Delhi,North
C00589,Customer 589,Pune,Corporate,2022-08-03,Maharashtra,West
C00590,Customer 590,Mumbai,Consumer,2023-03-15,Maharashtra,West
C00591,Customer 591,Bhubaneswar,Consumer,2022-01-10,Odisha,East
C00592,Customer 592,Jaipur,Home Office,2024-05-19,Rajasthan,North
C00593,Customer 593,Ahmedabad,Consumer,2022-11-30,Gujarat,West
C00594,Customer 594,Bengaluru,Consumer,2023-11-12,Karnataka,South
C00595,Customer 595,Mumbai,Home Office,2024-05-11,Maharashtra,West
C00596,Customer 596,Ahmedabad,Consumer,2023-03-24,Gujarat,West
C00597,Customer 597,Chennai,Consumer,2024-02-15,Tamil Nadu,South
C00598,Customer 598,Bengaluru,Consumer,2023-03-08,Karnataka,South
C00599,Customer 599,Patna,Consumer,2022-04-30,Bihar,East
C00600,Customer 600,Bengaluru,Consumer,2022-01-24,Karnataka,South
C00601,Customer 601,Lucknow,Corporate,2022-05-03,Uttar Pradesh,North
C00602,Customer 602,Hyderabad,Consumer,2024-04-28,Telangana,South
C00603,Customer 603,Kolkata,Corporate,2023-03-04,West Bengal,East
C00604,Customer 604,Chennai,Home Office,2022-10-15,Tamil Nadu,South
C00605,Customer 605,Patna,Corporate,2023-02-06,Bihar,East
C00606,Customer 606,Hyderabad,Corporate,2022-08-19,Telangana,South
C00607,Customer 607,Kolkata,Corporate,2024-02-23,West Bengal,East
C00608,Customer 608,Mumbai,Home Office,2024-06-18,Maharashtra,West
C00609,Customer 609,Chennai,Consumer,2022-03-18,Tamil Nadu,South
C00610,Customer 610,Jaipur,Consumer,2023-10-09,Rajasthan,North
C00611,Customer 611,Bengaluru,Consumer,2022-10-30,Karnataka,South
C00612,Customer 612,Bengaluru,Consumer,2022-02-12,Karnataka,South
C00613,Customer 613,Patna,Consumer,2024-04-09,Bihar,East
C00614,Customer 614,Patna,Corporate,2022-02-25,Bihar,East
C00615,Customer 615,Ahmedabad,Consumer,2022-07-05,Gujarat,West
C00616,Customer 616,CHENNAI ,Home Office,2022-01-23,Tamil Nadu,South
C00617,Customer 617,Hyderabad,Consumer,2023-03-01,Telangana,South
C00618,Customer 618,DELHI ,Consumer,2023-06-24,Delhi,North
C00619,Customer 619,Mumbai,Consumer,2022-10-16,Maharashtra,West
C00620,Customer 620,Mumbai,Consumer,2022-03-06,Maharashtra,West
C00621,Customer 621,HYDERABAD ,Consumer,2022-04-15,Telangana,South
C00622,Customer 622,Lucknow,Consumer,2024-04-20,Uttar Pradesh,North
C00623,Customer 623,Patna,Consumer,2023-12-27,Bihar,East
C00624,Customer 624,Jaipur,Consumer,2024-04-23,Rajasthan,North
C00625,Customer 625,Patna,Consumer,2023-04-23,Bihar,East
C00626,Customer 626,Delhi,Consumer,2023-05-07,Delhi,North
C00627,Customer 627,Hyderabad,Consumer,2023-12-09,Telangana,South
C00628,Customer 628,Mumbai,Consumer,2023-07-09,Maharashtra,West
C00629,Customer 629,Bengaluru,Consumer,2023-01-28,Karnataka,South
C00630,Customer 630,Hyderabad,Consumer,2022-09-20,Telangana,South
C00631,Customer 631,Bhubaneswar,Consumer,2023-03-13,Odisha,East
C00632,Customer 632,Hyderabad,Corporate,2022-02-27,Telangana,South
C00633,Customer 633,Mumbai,Home Office,2022-06-23,Maharashtra,West
C00634,Customer 634,Delhi,Home Office,2023-10-26,Delhi,North
C00635,Customer 635,Mumbai,Consumer,2024-02-21,Maharashtra,West
C00636,Customer 636,Mumbai,Consumer,2022-04-02,Maharashtra,West
C00637,Customer 637,Chennai,Consumer,2022-03-29,Tamil Nadu,South
C00638,Customer 638,Chennai,Corporate,2022-03-19,Tamil Nadu,South
C00639,Customer 639,Hyderabad,Corporate,2023-12-14,Telangana,South
C00640,Customer 640,Kolkata,Corporate,2022-10-08,West Bengal,East
C00641,Customer 641,Chennai,Home Office,2022-10-22,Tamil Nadu,South
C00642,Customer 642,Hyderabad,Consumer,2022-01-12,Telangana,South
C00643,Customer 643,Mumbai,Corporate,2024-05-25,Maharashtra,West
C00644,Customer 644,Nashik,Corporate,2023-01-26,Maharashtra,West
C00645,Customer 645,Bengaluru,Consumer,2023-12-19,Karnataka,South
C00646,Customer 646,Kochi,Home Office,2023-09-29,Kerala,South
C00647,Customer 647,Mumbai,Consumer,2022-05-08,Maharashtra,West
C00648,Customer 648,Chandigarh,Home Office,2023-12-23,Chandigarh,North
C00649,Customer 649,Chennai,Corporate,2023-05-11,Tamil Nadu,South
C00650,Customer 650,Mumbai,Consumer,2023-06-28,Maharashtra,West
C00651,Customer 651,Delhi,Corporate,2022-06-30,Delhi,North
C00652,Customer 652,Kolkata,Consumer,2024-02-02,West Bengal,East
C00653,Customer 653,Chennai,Corporate,2024-04-18,Tamil Nadu,South
C00654,Customer 654,Nashik,Corporate,2023-01-01,Maharashtra,West
C00655,Customer 655,Kochi,Corporate,2022-03-25,Kerala,South
C00656,Customer 656,Delhi,Home Office,2024-02-03,Delhi,North
C00657,Customer 657,KOCHI ,Consumer,2024-03-09,Kerala,South
C00658,Customer 658,Ahmedabad,Consumer,2023-04-01,Gujarat,West
C00659,Customer 659,Bengaluru,Consumer,2023-06-06,Karnataka,South
C00660,Customer 660,Delhi,Consumer,2022-07-20,Delhi,North
C00661,Customer 661,Ahmedabad,Consumer,2022-03-02,Gujarat,West
C00662,Customer 662,Kolkata,Consumer,2024-04-29,West Bengal,East
C00663,Customer 663,Pune,Consumer,2023-03-11,Maharashtra,West
C00664,Customer 664,Mumbai,Consumer,2022-09-05,Maharashtra,West
C00665,Customer 665,Delhi,Home Office,2023-09-16,Delhi,North
C00666,Customer 666,Chennai,Consumer,2022-01-24,Tamil Nadu,South
C00667,Customer 667,Hyderabad,Home Office,2022-03-13,Telangana,South
C00668,Customer 668,Patna,Consumer,2022-08-07,Bihar,East
C00669,Customer 669,Ahmedabad,Consumer,2023-02-10,Gujarat,West
C00670,Customer 670,Delhi,Consumer,2022-11-27,Delhi,North
C00671,Customer 671,Mumbai,Consumer,2022-06-18,Maharashtra,West
C00672,Customer 672,Bengaluru,Consumer,2022-11-13,Karnataka,South
C00673,Customer 673,Patna,Consumer,2022-10-28,Bihar,East
C00674,Customer 674,Chennai,Consumer,2023-04-18,Tamil Nadu,South
C00675,Customer 675,Bengaluru,Consumer,2023-05-22,Karnataka,South
C00676,Customer 676,Delhi,Consumer,2024-03-05,Delhi,North
C00677,Customer 677,Kolkata,Consumer,2023-12-28,West Bengal,East
C00678,Customer 678,Lucknow,Corporate,2022-09-21,Uttar Pradesh,North
C00679,Customer 679,Mumbai,Consumer,2024-03-23,Maharashtra,West
C00680,Customer 680,Delhi,Home Office,2023-04-14,Delhi,North
C00681,Customer 681,Mumbai,Corporate,2022-06-18,Maharashtra,West
C00682,Customer 682,Pune,Home Office,2022-11-03,Maharashtra,West
C00683,Customer 683,Mumbai,Corporate,2023-10-30,Maharashtra,West
C00684,Customer 684,Jaipur,Consumer,2024-01-10,Rajasthan,North
C00685,Customer 685,Bengaluru,Consumer,2022-12-03,Karnataka,South
C00686,Customer 686,Delhi,Consumer,2022-05-22,Delhi,North
C00687,Customer 687,Delhi,Corporate,2022-06-22,Delhi,North
C00688,Customer 688,Patna,Consumer,2022-04-04,Bihar,East
C00689,Customer 689,Hyderabad,Consumer,2023-09-21,Telangana,South
C00690,Customer 690,Bengaluru,Home Office,2023-03-29,Karnataka,South
C00691,Customer 691,Ahmedabad,Consumer,2023-02-11,Gujarat,West
C00692,Customer 692,Kolkata,Consumer,2023-08-28,West Bengal,East
C00693,Customer 693,Nashik,Corporate,2024-01-16,Maharashtra,West
C00694,Customer 694,Delhi,Consumer,2023-12-17,Delhi,North
C00695,Customer 695,Kolkata,Consumer,2022-05-04,West Bengal,East
C00696,Customer 696,Chandigarh,Corporate,2023-06-15,Chandigarh,North
C00697,Customer 697,Hyderabad,Consumer,2024-03-05,Telangana,South
C00698,Customer 698,Bengaluru,Consumer,2023-11-28,Karnataka,South
C00699,Customer 699,Bengaluru,Consumer,2022-10-24,Karnataka,South
C00700,Customer 700,Ahmedabad,Corporate,2022-12-20,Gujarat,West
C00701,Customer 701,Nashik,Consumer,2024-03-12,Maharashtra,West
C00702,Customer 702,Delhi,Home Office,2022-01-30,Delhi,North
C00703,Customer 703,Pune,Home Office,2023-04-18,Maharashtra,West
C00704,Customer 704,Kolkata,Consumer,2022-04-15,West Bengal,East
C00705,Customer 705,Ahmedabad,Consumer,2024-03-16,Gujarat,West
C00706,Customer 706,Bengaluru,Consumer,2022-02-04,Karnataka,South
C00707,Customer 707,Hyderabad,Corporate,2022-01-22,Telangana,South
C00708,Customer 708,Hyderabad,Consumer,2022-10-24,Telangana,South
C00709,Customer 709,JAIPUR ,Consumer,2022-06-30,Rajasthan,North
C00710,Customer 710,Lucknow,Consumer,2023-03-22,Uttar Pradesh,North
C00711,Customer 711,Patna,Home Office,2022-09-27,Bihar,East
C00712,Customer 712,Chennai,Consumer,2022-11-17,Tamil Nadu,South
C00713,Customer 713,Hyderabad,Home Office,2023-05-24,Telangana,South
C00714,Customer 714,Kolkata,Consumer,2023-05-20,West Bengal,East
C00715,Customer 715,Hyderabad,Home Office,2024-04-21,Telangana,South
C00716,Customer 716,Pune,Consumer,2023-03-09,Maharashtra,West
C00717,Customer 717,Bengaluru,Consumer,2023-05-23,Karnataka,South
C00718,Customer 718,Mumbai,Home Office,2023-09-03,Maharashtra,West
C00719,Customer 719,Bengaluru,Home Office,2022-06-06,Karnataka,South
C00720,Customer 720,Patna,Consumer,2023-08-24,Bihar,East
C00721,Customer 721,Chandigarh,Consumer,2024-02-15,Chandigarh,North
C00722,Customer 722,Jaipur,Consumer,2022-10-14,Rajasthan,North
C00723,Customer 723,Mumbai,Consumer,2022-06-10,Maharashtra,West
C00724,Customer 724,Patna,Consumer,2022-11-08,Bihar,East
C00725,Customer 725,Mumbai,Home Office,2022-09-05,Maharashtra,West
C00726,Customer 726,Mumbai,Consumer,2023-06-11,Maharashtra,West
C00727,Customer 727,Nashik,Corporate,2024-02-17,Maharashtra,West
C00728,Customer 728,Mumbai,Consumer,2023-06-21,Maharashtra,West
C00729,Customer 729,Jaipur,Consumer,2022-04-23,Rajasthan,North
C00730,Customer 730,Chandigarh,Corporate,2022-10-11,Chandigarh,North
C00731,Customer 731,Delhi,Consumer,2023-09-13,Delhi,North
C00732,Customer 732,Mumbai,Corporate,2022-10-25,Maharashtra,West
C00733,Customer 733,Mumbai,Consumer,2023-06-12,Maharashtra,West
C00734,Customer 734,Delhi,Home Office,2023-09-17,Delhi,North
C00735,Customer 735,Mumbai,Corporate,2022-10-24,Maharashtra,West
C00736,Customer 736,Chennai,Home Office,2023-08-06,Tamil Nadu,South
C00737,Customer 737,Pune,Consumer,2022-12-25,Maharashtra,West
C00738,Customer 738,Ahmedabad,Consumer,2022-05-02,Gujarat,West
C00739,Customer 739,Delhi,Consumer,2022-12-01,Delhi,North
C00740,Customer 740,Delhi,Consumer,2023-02-01,Delhi,North
C00741,Customer 741,Mumbai,Consumer,2022-01-03,Maharashtra,West
C00742,Customer 742,Mumbai,Consumer,2024-03-14,Maharashtra,West
C00743,Customer 743,Kolkata,Consumer,2023-04-21,West Bengal,East
C00744,Customer 744,Mumbai,Consumer,2022-02-02,Maharashtra,West
C00745,Customer 745,Lucknow,Consumer,2024-02-21,Uttar Pradesh,North
C00746,Customer 746,Lucknow,Consumer,2024-02-09,Uttar Pradesh,North
C00747,Customer 747,Delhi,Consumer,2022-01-11,Delhi,North
C00748,Customer 748,Jaipur,Corporate,2022-05-27,Rajasthan,North
C00749,Customer 749,Hyderabad,Consumer,2022-11-24,Telangana,South
C00750,Customer 750,Kochi,Consumer,2023-04-02,Kerala,South
C00751,Customer 751,Ahmedabad,Consumer,2023-10-16,Gujarat,West
C00752,Customer 752,Delhi,Corporate,2023-01-17,Delhi,North
C00753,Customer 753,Nashik,Consumer,2023-07-05,Maharashtra,West
C00754,Customer 754,Lucknow,Consumer,2022-01-10,Uttar Pradesh,North
C00755,Customer 755,Chennai,Home Office,2023-08-16,Tamil Nadu,South
C00756,Customer 756,Nashik,Consumer,2024-04-03,Maharashtra,West
C00757,Customer 757,Delhi,Home Office,2023-04-19,Delhi,North
C00758,Customer 758,Bhubaneswar,Corporate,2023-02-14,Odisha,East
C00759,Customer 759,Mumbai,Consumer,2022-09-25,Maharashtra,West
C00760,Customer 760,Jaipur,Consumer,2024-05-08,Rajasthan,North
C00761,Customer 761,Chennai,Corporate,2022-01-30,Tamil Nadu,South
C00762,Customer 762,Pune,Home Office,2022-09-16,Maharashtra,West
C00763,Customer 763,Mumbai,Consumer,2022-05-05,Maharashtra,West
C00764,Customer 764,Mumbai,Consumer,2024-02-19,Maharashtra,West
C00765,Customer 765,Kolkata,Consumer,2023-03-11,West Bengal,East
C00766,Customer 766,Mumbai,Consumer,2024-04-10,Maharashtra,West
C00767,Customer 767,Pune,Corporate,2023-08-22,Maharashtra,West
C00768,Customer 768,Mumbai,Consumer,2023-05-17,Maharashtra,West
C00769,Customer 769,Mumbai,Corporate,2023-04-11,Maharashtra,West
C00770,Customer 770,Bengaluru,Home Office,2022-07-02,Karnataka,South
C00771,Customer 771,Nashik,Corporate,2023-05-21,Maharashtra,West
C00772,Customer 772,Bengaluru,Corporate,2023-09-09,Karnataka,South
C00773,Customer 773,Bengaluru,Corporate,2024-05-18,Karnataka,South
C00774,Customer 774,Kochi,Corporate,2023-05-10,Kerala,South
C00775,Customer 775,Mumbai,Home Office,2024-04-24,Maharashtra,West
C00776,Customer 776,Kochi,Consumer,2024-04-30,Kerala,South
C00777,Customer 777,Bengaluru,Consumer,2023-04-16,Karnataka,South
C00778,Customer 778,Pune,Consumer,2023-01-31,Maharashtra,West
C00779,Customer 779,Hyderabad,Home Office,2022-05-09,Telangana,South
C00780,Customer 780,Kochi,Corporate,2022-08-30,Kerala,South
C00781,Customer 781,Ahmedabad,Consumer,2024-03-02,Gujarat,West
C00782,Customer 782,Kolkata,Consumer,2022-05-05,West Bengal,East
C00783,Customer 783,JAIPUR ,Consumer,2022-12-24,Rajasthan,North
C00784,Customer 784,Bengaluru,Corporate,2023-09-21,Karnataka,South
C00785,Customer 785,Patna,Consumer,2022-08-05,Bihar,East
C00786,Customer 786,Delhi,Consumer,2024-05-26,Delhi,North
C00787,Customer 787,Hyderabad,Home Office,2023-08-08,Telangana,South
C00788,Customer 788,Delhi,Corporate,2022-01-26,Delhi,North
C00789,Customer 789,Hyderabad,Consumer,2022-08-11,Telangana,South
C00790,Customer 790,Bengaluru,Consumer,2023-10-29,Karnataka,South
C00791,Customer 791,Pune,Home Office,2024-02-16,Maharashtra,West
C00792,Customer 792,Delhi,Corporate,2024-04-14,Delhi,North
C00793,Customer 793,Delhi,Corporate,2024-02-06,Delhi,North
C00794,Customer 794,Mumbai,Consumer,2022-03-09,Maharashtra,West
C00795,Customer 795,Mumbai,Consumer,2023-10-19,Maharashtra,West
C00796,Customer 796,Delhi,Consumer,2022-04-10,Delhi,North
C00797,Customer 797,Mumbai,Corporate,2022-03-10,Maharashtra,West
C00798,Customer 798,Pune,Consumer,2023-09-15,Maharashtra,West
C00799,Customer 799,Chennai,Consumer,2023-03-07,Tamil Nadu,South
C00800,Customer 800,Chennai,Corporate,2023-08-07,Tamil Nadu,South
C00801,Customer 801,Chennai,Home Office,2024-02-06,Tamil Nadu,South
C00802,Customer 802,Delhi,Corporate,2022-03-03,Delhi,North
C00803,Customer 803,Kolkata,Consumer,2023-04-20,West Bengal,East
C00804,Customer 804,Bengaluru,Consumer,2024-01-21,Karnataka,South
C00805,Customer 805,Mumbai,Consumer,2023-02-01,Maharashtra,West
C00806,Customer 806,PUNE ,Consumer,2023-04-17,Maharashtra,West
C00807,Customer 807,Chennai,Consumer,2023-03-25,Tamil Nadu,South
C00808,Customer 808,Pune,Consumer,2024-03-27,Maharashtra,West
C00809,Customer 809,Lucknow,Consumer,2022-02-14,Uttar Pradesh,North
C00810,Customer 810,Patna,Home Office,2024-03-01,Bihar,East
C00811,Customer 811,Mumbai,Home Office,2024-01-05,Maharashtra,West
C00812,Customer 812,Mumbai,Consumer,2024-01-02,Maharashtra,West
C00813,Customer 813,Patna,Consumer,2023-01-07,Bihar,East
C00814,Customer 814,Bengaluru,Consumer,2023-04-10,Karnataka,South
C00815,Customer 815,Mumbai,Consumer,2022-11-29,Maharashtra,West
C00816,Customer 816,Kolkata,Consumer,2022-08-15,West Bengal,East
C00817,Customer 817,Kolkata,Consumer,2024-02-27,West Bengal,East
C00818,Customer 818,Chandigarh,Corporate,2023-04-01,Chandigarh,North
C00819,Customer 819,Bengaluru,Consumer,2023-10-14,Karnataka,South
C00820,Customer 820,Ahmedabad,Home Office,2022-04-01,Gujarat,West
C00821,Customer 821,Mumbai,Consumer,2023-12-12,Maharashtra,West
C00822,Customer 822,Bengaluru,Consumer,2023-08-16,Karnataka,South
C00823,Customer 823,Ahmedabad,Consumer,2024-06-16,Gujarat,West
C00824,Customer 824,Chennai,Consumer,2022-05-01,Tamil Nadu,South
C00825,Customer 825,Kochi,Consumer,2023-05-02,Kerala,South
C00826,Customer 826,Mumbai,Home Office,2023-04-06,Maharashtra,West
C00827,Customer 827,Bengaluru,Consumer,2023-04-30,Karnataka,South
C00828,Customer 828,Nashik,Consumer,2022-02-18,Maharashtra,West
C00829,Customer 829,Kolkata,Consumer,2023-03-02,West Bengal,East
C00830,Customer 830,Ahmedabad,Consumer,2022-09-27,Gujarat,West
C00831,Customer 831,Bengaluru,Consumer,2023-07-10,Karnataka,South
C00832,Customer 832,Bengaluru,Consumer,2022-07-28,Karnataka,South
C00833,Customer 833,Delhi,Corporate,2023-01-27,Delhi,North
C00834,Customer 834,Chennai,Consumer,2023-07-13,Tamil Nadu,South
C00835,Customer 835,Chennai,Consumer,2022-02-27,Tamil Nadu,South
C00836,Customer 836,Bengaluru,Corporate,2023-12-10,Karnataka,South
C00837,Customer 837,Hyderabad,Home Office,2023-10-07,Telangana,South
C00838,Customer 838,Patna,Consumer,2022-02-21,Bihar,East
C00839,Customer 839,Delhi,Consumer,2022-02-28,Delhi,North
C00840,Customer 840,Chandigarh,Consumer,2024-02-05,Chandigarh,North
C00841,Customer 841,MUMBAI ,Consumer,2022-09-12,Maharashtra,West
C00842,Customer 842,Hyderabad,Consumer,2024-02-14,Telangana,South
C00843,Customer 843,Chandigarh,Corporate,2023-03-26,Chandigarh,North
C00844,Customer 844,Delhi,Consumer,2022-11-05,Delhi,North
C00845,Customer 845,Mumbai,Corporate,2022-09-04,Maharashtra,West
C00846,Customer 846,Kolkata,Consumer,2023-08-17,West Bengal,East
C00847,Customer 847,Delhi,Home Office,2022-04-09,Delhi,North
C00848,Customer 848,Chennai,Corporate,2022-12-29,Tamil Nadu,South
C00849,Customer 849,Pune,Consumer,2022-11-08,Maharashtra,West
C00850,Customer 850,Patna,Consumer,2022-05-19,Bihar,East
C00851,Customer 851,Pune,Consumer,2022-11-14,Maharashtra,West
C00852,Customer 852,Pune,Home Office,2023-04-21,Maharashtra,West
C00853,Customer 853,Kochi,Consumer,2023-09-02,Kerala,South
C00854,Customer 854,Kolkata,Consumer,2022-03-19,West Bengal,East
C00855,Customer 855,Pune,Consumer,2024-02-25,Maharashtra,West
C00856,Customer 856,Jaipur,Corporate,2024-03-01,Rajasthan,North
C00857,Customer 857,Chennai,Consumer,2023-09-15,Tamil Nadu,South
C00858,Customer 858,Kolkata,Consumer,2024-04-11,West Bengal,East
C00859,Customer 859,Delhi,Home Office,2023-01-21,Delhi,North
C00860,Customer 860,CHANDIGARH ,Consumer,2024-01-10,Chandigarh,North
C00861,Customer 861,Hyderabad,Corporate,2023-10-17,Telangana,South
C00862,Customer 862,Chennai,Consumer,2023-05-22,Tamil Nadu,South
C00863,Customer 863,Hyderabad,Consumer,2022-06-11,Telangana,South
C00864,Customer 864,Bengaluru,Home Office,2023-05-17,Karnataka,South
C00865,Customer 865,Mumbai,Corporate,2024-03-22,Maharashtra,West
C00866,Customer 866,Kolkata,Corporate,2024-06-05,West Bengal,East
C00867,Customer 867,Kolkata,Consumer,2023-02-08,West Bengal,East
C00868,Customer 868,Hyderabad,Consumer,2022-08-12,Telangana,South
C00869,Customer 869,Mumbai,Consumer,2023-11-04,Maharashtra,West
C00870,Customer 870,Pune,Consumer,2022-03-10,Maharashtra,West
C00871,Customer 871,Hyderabad,Consumer,2022-05-16,Telangana,South
C00872,Customer 872,Mumbai,Consumer,2023-05-21,Maharashtra,West
C00873,Customer 873,Patna,Consumer,2024-06-10,Bihar,East
C00874,Customer 874,Delhi,Consumer,2022-10-23,Delhi,North
C00875,Customer 875,Chennai,Consumer,2023-02-03,Tamil Nadu,South
C00876,Customer 876,Kolkata,Consumer,2022-10-18,West Bengal,East
C00877,Customer 877,Delhi,Home Office,2023-02-01,Delhi,North
C00878,Customer 878,Delhi,Corporate,2022-01-07,Delhi,North
C00879,Customer 879,Bengaluru,Consumer,2023-06-20,Karnataka,South
C00880,Customer 880,Bengaluru,Corporate,2023-06-21,Karnataka,South
C00881,Customer 881,Delhi,Corporate,2022-10-12,Delhi,North
C00882,Customer 882,Bengaluru,Consumer,2022-08-26,Karnataka,South
C00883,Customer 883,Bhubaneswar,Consumer,2023-11-17,Odisha,East
C00884,Customer 884,Jaipur,Consumer,2022-06-19,Rajasthan,North
C00885,Customer 885,Pune,Consumer,2022-02-12,Maharashtra,West
C00886,Customer 886,Delhi,Corporate,2022-02-06,Delhi,North
C00887,Customer 887,Delhi,Home Office,2024-03-04,Delhi,North
C00888,Customer 888,Mumbai,Consumer,2022-11-24,Maharashtra,West
C00889,Customer 889,Pune,Corporate,2022-04-02,Maharashtra,West
C00890,Customer 890,Chennai,Consumer,2024-03-02,Tamil Nadu,South
C00891,Customer 891,Delhi,Consumer,2022-05-14,Delhi,North
C00892,Customer 892,Patna,Corporate,2022-10-31,Bihar,East
C00893,Customer 893,Nashik,Consumer,2022-01-19,Maharashtra,West
C00894,Customer 894,Mumbai,Consumer,2023-09-04,Maharashtra,West
C00895,Customer 895,Hyderabad,Consumer,2023-09-22,Telangana,South
C00896,Customer 896,Kolkata,Home Office,2023-11-12,West Bengal,East
C00897,Customer 897,Ahmedabad,Consumer,2022-08-25,Gujarat,West
C00898,Customer 898,PUNE ,Consumer,2022-10-23,Maharashtra,West
C00899,Customer 899,Pune,Consumer,2024-04-24,Maharashtra,West
C00900,Customer 900,Chandigarh,Consumer,2024-01-10,Chandigarh,North
C00901,Customer 901,Jaipur,Consumer,2022-02-03,Rajasthan,North
C00902,Customer 902,Ahmedabad,Corporate,2023-09-15,Gujarat,West
C00903,Customer 903,Mumbai,Corporate,2024-01-02,Maharashtra,West
C00904,Customer 904,Lucknow,Home Office,2023-05-19,Uttar Pradesh,North
C00905,Customer 905,Patna,Corporate,2023-07-30,Bihar,East
C00906,Customer 906,Bengaluru,Consumer,2022-01-01,Karnataka,South
C00907,Customer 907,Lucknow,Consumer,2022-01-28,Uttar Pradesh,North
C00908,Customer 908,Mumbai,Consumer,2022-02-01,Maharashtra,West
C00909,Customer 909,Ahmedabad,Consumer,2022-05-24,Gujarat,West
C00910,Customer 910,Ahmedabad,Home Office,2024-06-10,Gujarat,West
C00911,Customer 911,Hyderabad,Corporate,2023-07-25,Telangana,South
C00912,Customer 912,Kolkata,Home Office,2023-12-06,West Bengal,East
C00913,Customer 913,Kolkata,Consumer,2022-09-24,West Bengal,East
C00914,Customer 914,Patna,Consumer,2024-04-23,Bihar,East
C00915,Customer 915,Patna,Consumer,2022-06-29,Bihar,East
C00916,Customer 916,Patna,Consumer,2024-03-23,Bihar,East
C00917,Customer 917,Mumbai,Consumer,2022-01-28,Maharashtra,West
C00918,Customer 918,Mumbai,Consumer,2022-01-19,Maharashtra,West
C00919,Customer 919,Ahmedabad,Consumer,2022-03-13,Gujarat,West
C00920,Customer 920,Bengaluru,Home Office,2023-12-14,Karnataka,South
C00921,Customer 921,Mumbai,Consumer,2022-08-20,Maharashtra,West
C00922,Customer 922,Kochi,Consumer,2023-02-11,Kerala,South
C00923,Customer 923,Bengaluru,Corporate,2023-03-01,Karnataka,South
C00924,Customer 924,BENGALURU ,Consumer,2023-12-12,Karnataka,South
C00925,Customer 925,Pune,Home Office,2022-11-10,Maharashtra,West
C00926,Customer 926,AHMEDABAD ,Corporate,2022-01-07,Gujarat,West
C00927,Customer 927,Pune,Consumer,2022-12-14,Maharashtra,West
C00928,Customer 928,Kochi,Corporate,2022-09-17,Kerala,South
C00929,Customer 929,Bengaluru,Corporate,2023-10-20,Karnataka,South
C00930,Customer 930,Chennai,Corporate,2023-11-08,Tamil Nadu,South
C00931,Customer 931,Ahmedabad,Corporate,2022-03-24,Gujarat,West
C00932,Customer 932,Delhi,Corporate,2023-12-15,Delhi,North
C00933,Customer 933,Delhi,Consumer,2022-03-05,Delhi,North
C00934,Customer 934,Hyderabad,Consumer,2023-07-12,Telangana,South
C00935,Customer 935,Hyderabad,Corporate,2022-12-17,Telangana,South
C00936,Customer 936,Pune,Home Office,2022-09-29,Maharashtra,West
C00937,Customer 937,Bhubaneswar,Consumer,2023-03-11,Odisha,East
C00938,Customer 938,Mumbai,Corporate,2022-10-07,Maharashtra,West
C00939,Customer 939,Kolkata,Consumer,2023-12-16,West Bengal,East
C00940,Customer 940,Mumbai,Corporate,2024-05-20,Maharashtra,West
C00941,Customer 941,Ahmedabad,Home Office,2024-01-05,Gujarat,West
C00942,Customer 942,Kochi,Consumer,2023-01-31,Kerala,South
C00943,Customer 943,Pune,Consumer,2023-03-29,Maharashtra,West
C00944,Customer 944,Delhi,Consumer,2023-02-07,Delhi,North
C00945,Customer 945,Jaipur,Consumer,2023-12-16,Rajasthan,North
C00946,Customer 946,Nashik,Consumer,2023-05-13,Maharashtra,West
C00947,Customer 947,Chennai,Consumer,2023-02-26,Tamil Nadu,South
C00948,Customer 948,Kochi,Consumer,2023-01-04,Kerala,South
C00949,Customer 949,Kolkata,Consumer,2022-12-04,West Bengal,East
C00950,Customer 950,Delhi,Consumer,2023-05-13,Delhi,North
C00951,Customer 951,Chandigarh,Corporate,2023-09-13,Chandigarh,North
C00952,Customer 952,Nashik,Corporate,2023-01-25,Maharashtra,West
C00953,Customer 953,Nashik,Corporate,2023-12-27,Maharashtra,West
C00954,Customer 954,Pune,Corporate,2024-01-15,Maharashtra,West
C00955,Customer 955,Bhubaneswar,Corporate,2023-01-22,Odisha,East
C00956,Customer 956,KOLKATA ,Consumer,2024-03-29,West Bengal,East
C00957,Customer 957,Hyderabad,Corporate,2022-06-05,Telangana,South
C00958,Customer 958,Chandigarh,Consumer,2024-04-18,Chandigarh,North
C00959,Customer 959,Lucknow,Consumer,2022-09-22,Uttar Pradesh,North
C00960,Customer 960,Chandigarh,Consumer,2023-05-23,Chandigarh,North
C00961,Customer 961,Chandigarh,Home Office,2022-09-13,Chandigarh,North
C00962,Customer 962,Jaipur,Corporate,2023-02-02,Rajasthan,North
C00963,Customer 963,Mumbai,Consumer,2022-11-03,Maharashtra,West
C00964,Customer 964,Mumbai,Consumer,2023-09-27,Maharashtra,West
C00965,Customer 965,Patna,Consumer,2022-03-15,Bihar,East
C00966,Customer 966,Lucknow,Corporate,2024-01-25,Uttar Pradesh,North
C00967,Customer 967,Patna,Corporate,2024-03-24,Bihar,East
C00968,Customer 968,Pune,Consumer,2023-05-22,Maharashtra,West
C00969,Customer 969,Bengaluru,Consumer,2023-05-08,Karnataka,South
C00970,Customer 970,Pune,Consumer,2023-09-22,Maharashtra,West
C00971,Customer 971,Ahmedabad,Consumer,2022-06-29,Gujarat,West
C00972,Customer 972,Mumbai,Home Office,2023-11-06,Maharashtra,West
C00973,Customer 973,Mumbai,Corporate,2022-07-16,Maharashtra,West
C00974,Customer 974,KOLKATA ,Consumer,2023-09-01,West Bengal,East
C00975,Customer 975,Delhi,Consumer,2022-10-03,Delhi,North
C00976,Customer 976,Bengaluru,Consumer,2023-11-03,Karnataka,South
C00977,Customer 977,Jaipur,Consumer,2023-12-13,Rajasthan,North
C00978,Customer 978,Delhi,Consumer,2022-07-07,Delhi,North
C00979,Customer 979,Chandigarh,Consumer,2023-07-10,Chandigarh,North
C00980,Customer 980,Pune,Home Office,2023-03-25,Maharashtra,West
C00981,Customer 981,PATNA ,Consumer,2022-09-22,Bihar,East
C00982,Customer 982,Hyderabad,Consumer,2023-06-14,Telangana,South
C00983,Customer 983,Hyderabad,Consumer,2024-06-12,Telangana,South
C00984,Customer 984,Jaipur,Consumer,2022-01-03,Rajasthan,North
C00985,Customer 985,Pune,Corporate,2024-05-11,Maharashtra,West
C00986,Customer 986,Bhubaneswar,Consumer,2024-02-10,Odisha,East
C00987,Customer 987,Delhi,Corporate,2023-04-22,Delhi,North
C00988,Customer 988,Mumbai,Corporate,2023-07-04,Maharashtra,West
C00989,Customer 989,Delhi,Consumer,2022-11-29,Delhi,North
C00990,Customer 990,Hyderabad,Corporate,2022-04-27,Telangana,South
C00991,Customer 991,Bengaluru,Home Office,2023-05-30,Karnataka,South
C00992,Customer 992,Hyderabad,Consumer,2024-01-05,Telangana,South
C00993,Customer 993,Hyderabad,Consumer,2022-07-27,Telangana,South
C00994,Customer 994,Pune,Home Office,2023-10-08,Maharashtra,West
C00995,Customer 995,Bhubaneswar,Home Office,2023-11-05,Odisha,East
C00996,Customer 996,Jaipur,Consumer,2023-11-14,Rajasthan,North
C00997,Customer 997,Bengaluru,Consumer,2022-11-03,Karnataka,South
C00998,Customer 998,Mumbai,Consumer,2022-12-19,Maharashtra,West
C00999,Customer 999,Patna,Corporate,2023-01-10,Bihar,East
C01000,Customer 1000,Ahmedabad,Consumer,2024-02-08,Gujarat,West
C01001,Customer 1001,Mumbai,Consumer,2024-03-21,Maharashtra,West
C01002,Customer 1002,Jaipur,Corporate,2023-01-08,Rajasthan,North
C01003,Customer 1003,Mumbai,Home Office,2024-05-22,Maharashtra,West
C01004,Customer 1004,Pune,Corporate,2023-05-29,Maharashtra,West
C01005,Customer 1005,Bengaluru,Consumer,2022-12-13,Karnataka,South
C01006,Customer 1006,Delhi,Consumer,2022-01-01,Delhi,North
C01007,Customer 1007,Bhubaneswar,Home Office,2023-07-04,Odisha,East
C01008,Customer 1008,Delhi,Home Office,2023-08-04,Delhi,North
C01009,Customer 1009,Chennai,Consumer,2024-05-21,Tamil Nadu,South
C01010,Customer 1010,Jaipur,Corporate,2023-10-09,Rajasthan,North
C01011,Customer 1011,Bengaluru,Consumer,2022-01-27,Karnataka,South
C01012,Customer 1012,Bengaluru,Consumer,2023-05-26,Karnataka,South
C01013,Customer 1013,Lucknow,Consumer,2023-10-31,Uttar Pradesh,North
C01014,Customer 1014,Patna,Consumer,2023-03-23,Bihar,East
C01015,Customer 1015,DELHI ,Consumer,2023-01-22,Delhi,North
C01016,Customer 1016,Pune,Corporate,2023-12-30,Maharashtra,West
C01017,Customer 1017,Chennai,Consumer,2023-07-05,Tamil Nadu,South
C01018,Customer 1018,Kochi,Consumer,2023-09-06,Kerala,South
C01019,Customer 1019,Mumbai,Consumer,2023-02-22,Maharashtra,West
C01020,Customer 1020,Jaipur,Consumer,2022-09-08,Rajasthan,North
C01021,Customer 1021,KOLKATA ,Consumer,2023-04-13,West Bengal,East
C01022,Customer 1022,Hyderabad,Consumer,2024-05-13,Telangana,South
C01023,Customer 1023,Patna,Consumer,2023-06-27,Bihar,East
C01024,Customer 1024,Chandigarh,Corporate,2023-09-29,Chandigarh,North
C01025,Customer 1025,Bengaluru,Home Office,2022-04-22,Karnataka,South
C01026,Customer 1026,Ahmedabad,Consumer,2024-06-08,Gujarat,West
C01027,Customer 1027,Bhubaneswar,Home Office,2022-08-09,Odisha,East
C01028,Customer 1028,Delhi,Home Office,2024-05-24,Delhi,North
C01029,Customer 1029,Chennai,Corporate,2023-02-06,Tamil Nadu,South
C01030,Customer 1030,Delhi,Corporate,2024-04-07,Delhi,North
C01031,Customer 1031,Bengaluru,Corporate,2024-03-13,Karnataka,South
C01032,Customer 1032,Chennai,Corporate,2023-11-11,Tamil Nadu,South
C01033,Customer 1033,Lucknow,Corporate,2024-04-04,Uttar Pradesh,North
C01034,Customer 1034,Kolkata,Consumer,2023-07-03,West Bengal,East
C01035,Customer 1035,Delhi,Home Office,2024-02-03,Delhi,North
C01036,Customer 1036,Bengaluru,Consumer,2022-06-04,Karnataka,South
C01037,Customer 1037,Delhi,Corporate,2022-03-05,Delhi,North
C01038,Customer 1038,Delhi,Consumer,2023-05-05,Delhi,North
C01039,Customer 1039,Jaipur,Consumer,2023-12-30,Rajasthan,North
C01040,Customer 1040,Mumbai,Consumer,2023-11-20,Maharashtra,West
C01041,Customer 1041,Mumbai,Consumer,2023-04-21,Maharashtra,West
C01042,Customer 1042,Chennai,Consumer,2023-04-14,Tamil Nadu,South
C01043,Customer 1043,Bengaluru,Consumer,2023-07-03,Karnataka,South
C01044,Customer 1044,Chennai,Consumer,2024-02-21,Tamil Nadu,South
C01045,Customer 1045,Mumbai,Consumer,2024-01-28,Maharashtra,West
C01046,Customer 1046,Delhi,Consumer,2022-04-09,Delhi,North
C01047,Customer 1047,Pune,Home Office,2023-06-21,Maharashtra,West
C01048,Customer 1048,Hyderabad,Consumer,2022-12-09,Telangana,South
C01049,Customer 1049,Kolkata,Consumer,2023-12-21,West Bengal,East
C01050,Customer 1050,Nashik,Consumer,2023-04-01,Maharashtra,West
C01051,Customer 1051,Chennai,Consumer,2024-06-11,Tamil Nadu,South
C01052,Customer 1052,Mumbai,Consumer,2023-01-25,Maharashtra,West
C01053,Customer 1053,Ahmedabad,Corporate,2023-09-04,Gujarat,West
C01054,Customer 1054,Mumbai,Home Office,2022-04-08,Maharashtra,West
C01055,Customer 1055,Ahmedabad,Consumer,2024-04-19,Gujarat,West
C01056,Customer 1056,Chennai,Corporate,2022-05-19,Tamil Nadu,South
C01057,Customer 1057,Kolkata,Consumer,2022-12-07,West Bengal,East
C01058,Customer 1058,Pune,Consumer,2024-01-24,Maharashtra,West
C01059,Customer 1059,Bengaluru,Consumer,2024-05-20,Karnataka,South
C01060,Customer 1060,Chennai,Consumer,2023-03-12,Tamil Nadu,South
C01061,Customer 1061,Patna,Corporate,2023-03-13,Bihar,East
C01062,Customer 1062,Bengaluru,Corporate,2022-02-13,Karnataka,South
C01063,Customer 1063,Ahmedabad,Corporate,2024-05-30,Gujarat,West
C01064,Customer 1064,Bengaluru,Consumer,2022-01-15,Karnataka,South
C01065,Customer 1065,Delhi,Corporate,2022-01-24,Delhi,North
C01066,Customer 1066,Patna,Consumer,2023-03-03,Bihar,East
C01067,Customer 1067,Delhi,Consumer,2022-01-04,Delhi,North
C01068,Customer 1068,Chennai,Consumer,2022-05-28,Tamil Nadu,South
C01069,Customer 1069,Mumbai,Corporate,2023-07-19,Maharashtra,West
C01070,Customer 1070,Delhi,Home Office,2023-09-27,Delhi,North
C01071,Customer 1071,Kolkata,Consumer,2022-09-26,West Bengal,East
C01072,Customer 1072,Bengaluru,Consumer,2023-12-17,Karnataka,South
C01073,Customer 1073,JAIPUR ,Corporate,2023-07-01,Rajasthan,North
C01074,Customer 1074,Bhubaneswar,Corporate,2022-07-25,Odisha,East
C01075,Customer 1075,KOCHI ,Consumer,2023-10-04,Kerala,South
C01076,Customer 1076,Delhi,Corporate,2023-06-17,Delhi,North
C01077,Customer 1077,Bengaluru,Corporate,2024-01-01,Karnataka,South
C01078,Customer 1078,Lucknow,Home Office,2022-05-20,Uttar Pradesh,North
C01079,Customer 1079,Bengaluru,Consumer,2022-07-27,Karnataka,South
C01080,Customer 1080,Delhi,Home Office,2022-10-01,Delhi,North
C01081,Customer 1081,Nashik,Consumer,2022-11-04,Maharashtra,West
C01082,Customer 1082,Kolkata,Corporate,2024-03-10,West Bengal,East
C01083,Customer 1083,Bhubaneswar,Consumer,2023-10-22,Odisha,East
C01084,Customer 1084,Kochi,Consumer,2023-05-05,Kerala,South
C01085,Customer 1085,Patna,Consumer,2023-05-02,Bihar,East
C01086,Customer 1086,Hyderabad,Consumer,2024-03-08,Telangana,South
C01087,Customer 1087,Hyderabad,Consumer,2023-02-07,Telangana,South
C01088,Customer 1088,Hyderabad,Consumer,2022-07-22,Telangana,South
C01089,Customer 1089,Lucknow,Consumer,2022-05-04,Uttar Pradesh,North
C01090,Customer 1090,JAIPUR ,Consumer,2022-10-25,Rajasthan,North
C01091,Customer 1091,Nashik,Corporate,2023-08-11,Maharashtra,West
C01092,Customer 1092,Bengaluru,Home Office,2023-02-28,Karnataka,South
C01093,Customer 1093,Ahmedabad,Corporate,2023-01-15,Gujarat,West
C01094,Customer 1094,Ahmedabad,Consumer,2023-03-09,Gujarat,West
C01095,Customer 1095,Bengaluru,Consumer,2024-05-27,Karnataka,South
C01096,Customer 1096,DELHI ,Home Office,2024-06-16,Delhi,North
C01097,Customer 1097,Pune,Consumer,2022-05-26,Maharashtra,West
C01098,Customer 1098,Hyderabad,Consumer,2022-04-14,Telangana,South
C01099,Customer 1099,Kolkata,Home Office,2022-08-08,West Bengal,East
C01100,Customer 1100,Pune,Home Office,2024-02-06,Maharashtra,West
C01101,Customer 1101,Mumbai,Consumer,2023-02-18,Maharashtra,West
C01102,Customer 1102,Delhi,Corporate,2024-02-17,Delhi,North
C01103,Customer 1103,Hyderabad,Consumer,2023-08-06,Telangana,South
C01104,Customer 1104,Kochi,Corporate,2023-05-13,Kerala,South
C01105,Customer 1105,Mumbai,Consumer,2022-09-11,Maharashtra,West
C01106,Customer 1106,Hyderabad,Consumer,2022-11-06,Telangana,South
C01107,Customer 1107,Mumbai,Corporate,2022-05-13,Maharashtra,West
C01108,Customer 1108,Delhi,Consumer,2023-04-13,Delhi,North
C01109,Customer 1109,Patna,Corporate,2022-09-10,Bihar,East
C01110,Customer 1110,Pune,Consumer,2022-09-21,Maharashtra,West
C01111,Customer 1111,Pune,Home Office,2022-02-05,Maharashtra,West
C01112,Customer 1112,Delhi,Corporate,2023-12-21,Delhi,North
C01113,Customer 1113,Bengaluru,Consumer,2024-04-25,Karnataka,South
C01114,Customer 1114,Bhubaneswar,Corporate,2023-03-25,Odisha,East
C01115,Customer 1115,PATNA ,Consumer,2023-04-28,Bihar,East
C01116,Customer 1116,Mumbai,Consumer,2024-04-13,Maharashtra,West
C01117,Customer 1117,Mumbai,Consumer,2023-04-06,Maharashtra,West
C01118,Customer 1118,Hyderabad,Home Office,2023-07-15,Telangana,South
C01119,Customer 1119,Ahmedabad,Corporate,2023-01-21,Gujarat,West
C01120,Customer 1120,Kolkata,Home Office,2023-04-08,West Bengal,East
C01121,Customer 1121,Chennai,Home Office,2023-04-15,Tamil Nadu,South
C01122,Customer 1122,Mumbai,Home Office,2023-10-02,Maharashtra,West
C01123,Customer 1123,Kochi,Consumer,2023-06-28,Kerala,South
C01124,Customer 1124,Pune,Home Office,2023-03-30,Maharashtra,West
C01125,Customer 1125,Delhi,Consumer,2022-03-10,Delhi,North
C01126,Customer 1126,Bengaluru,Consumer,2024-03-25,Karnataka,South
C01127,Customer 1127,Lucknow,Consumer,2024-03-10,Uttar Pradesh,North
C01128,Customer 1128,CHENNAI ,Consumer,2022-06-16,Tamil Nadu,South
C01129,Customer 1129,Bengaluru,Consumer,2022-09-21,Karnataka,South
C01130,Customer 1130,Patna,Consumer,2024-05-26,Bihar,East
C01131,Customer 1131,Patna,Consumer,2022-10-16,Bihar,East
C01132,Customer 1132,Chandigarh,Consumer,2024-01-01,Chandigarh,North
C01133,Customer 1133,Mumbai,Home Office,2023-12-09,Maharashtra,West
C01134,Customer 1134,Chennai,Corporate,2024-02-14,Tamil Nadu,South
C01135,Customer 1135,PATNA ,Consumer,2022-01-15,Bihar,East
C01136,Customer 1136,Delhi,Consumer,2023-03-11,Delhi,North
C01137,Customer 1137,Jaipur,Consumer,2023-05-24,Rajasthan,North
C01138,Customer 1138,DELHI ,Consumer,2024-01-24,Delhi,North
C01139,Customer 1139,Mumbai,Corporate,2022-07-22,Maharashtra,West
C01140,Customer 1140,Chennai,Consumer,2022-10-04,Tamil Nadu,South
C01141,Customer 1141,Delhi,Corporate,2022-06-11,Delhi,North
C01142,Customer 1142,Hyderabad,Corporate,2023-11-17,Telangana,South
C01143,Customer 1143,Kochi,Consumer,2024-06-17,Kerala,South
C01144,Customer 1144,Hyderabad,Home Office,2022-05-07,Telangana,South
C01145,Customer 1145,Delhi,Consumer,2022-07-29,Delhi,North
C01146,Customer 1146,Delhi,Home Office,2022-10-04,Delhi,North
C01147,Customer 1147,Hyderabad,Corporate,2024-03-11,Telangana,South
C01148,Customer 1148,HYDERABAD ,Corporate,2023-02-06,Telangana,South
C01149,Customer 1149,Lucknow,Corporate,2022-09-11,Uttar Pradesh,North
C01150,Customer 1150,Kolkata,Corporate,2022-10-18,West Bengal,East
C01151,Customer 1151,Pune,Home Office,2023-06-23,Maharashtra,West
C01152,Customer 1152,Kolkata,Consumer,2022-12-15,West Bengal,East
C01153,Customer 1153,Mumbai,Corporate,2022-05-07,Maharashtra,West
C01154,Customer 1154,Pune,Corporate,2024-01-09,Maharashtra,West
C01155,Customer 1155,Chandigarh,Consumer,2023-01-16,Chandigarh,North
C01156,Customer 1156,Mumbai,Home Office,2022-08-20,Maharashtra,West
C01157,Customer 1157,Mumbai,Consumer,2023-10-18,Maharashtra,West
C01158,Customer 1158,MUMBAI ,Consumer,2023-11-02,Maharashtra,West
C01159,Customer 1159,Jaipur,Consumer,2022-05-20,Rajasthan,North
C01160,Customer 1160,Hyderabad,Consumer,2022-03-08,Telangana,South
C01161,Customer 1161,Mumbai,Corporate,2022-02-10,Maharashtra,West
C01162,Customer 1162,Bengaluru,Consumer,2023-11-21,Karnataka,South
C01163,Customer 1163,Hyderabad,Consumer,2023-07-18,Telangana,South
C01164,Customer 1164,Pune,Consumer,2023-12-14,Maharashtra,West
C01165,Customer 1165,Pune,Consumer,2023-07-18,Maharashtra,West
C01166,Customer 1166,Kolkata,Corporate,2022-12-28,West Bengal,East
C01167,Customer 1167,Hyderabad,Home Office,2023-06-15,Telangana,South
C01168,Customer 1168,Chandigarh,Consumer,2023-10-13,Chandigarh,North
C01169,Customer 1169,Hyderabad,Consumer,2022-12-25,Telangana,South
C01170,Customer 1170,Mumbai,Consumer,2024-04-03,Maharashtra,West
C01171,Customer 1171,Delhi,Corporate,2024-03-20,Delhi,North
C01172,Customer 1172,Chennai,Consumer,2023-12-22,Tamil Nadu,South
C01173,Customer 1173,Ahmedabad,Consumer,2024-06-12,Gujarat,West
C01174,Customer 1174,Hyderabad,Consumer,2022-12-18,Telangana,South
C01175,Customer 1175,Lucknow,Consumer,2022-04-13,Uttar Pradesh,North
C01176,Customer 1176,Hyderabad,Consumer,2023-03-12,Telangana,South
C01177,Customer 1177,Jaipur,Consumer,2023-11-03,Rajasthan,North
C01178,Customer 1178,Delhi,Corporate,2023-12-03,Delhi,North
C01179,Customer 1179,PUNE ,Corporate,2022-12-16,Maharashtra,West
C01180,Customer 1180,Pune,Consumer,2022-09-21,Maharashtra,West
C01181,Customer 1181,Hyderabad,Corporate,2023-02-05,Telangana,South
C01182,Customer 1182,Mumbai,Home Office,2023-12-25,Maharashtra,West
C01183,Customer 1183,MUMBAI ,Consumer,2022-02-24,Maharashtra,West
C01184,Customer 1184,Pune,Consumer,2022-10-23,Maharashtra,West
C01185,Customer 1185,Pune,Consumer,2022-07-26,Maharashtra,West
C01186,Customer 1186,Hyderabad,Corporate,2023-12-27,Telangana,South
C01187,Customer 1187,Delhi,Consumer,2023-02-27,Delhi,North
C01188,Customer 1188,Patna,Corporate,2022-03-20,Bihar,East
C01189,Customer 1189,Mumbai,Consumer,2022-08-24,Maharashtra,West
C01190,Customer 1190,Bengaluru,Consumer,2022-02-09,Karnataka,South
C01191,Customer 1191,Jaipur,Home Office,2023-03-05,Rajasthan,North
C01192,Customer 1192,Delhi,Consumer,2024-06-16,Delhi,North
C01193,Customer 1193,Kolkata,Home Office,2023-05-26,West Bengal,East
C01194,Customer 1194,Patna,Home Office,2024-02-22,Bihar,East
C01195,Customer 1195,Kolkata,Home Office,2023-10-31,West Bengal,East
C01196,Customer 1196,Pune,Consumer,2024-03-05,Maharashtra,West
C01197,Customer 1197,Nashik,Corporate,2022-10-07,Maharashtra,West
C01198,Customer 1198,Bengaluru,Consumer,2024-05-06,Karnataka,South
C01199,Customer 1199,Ahmedabad,Consumer,2022-08-03,Gujarat,West
C01200,Customer 1200,Chennai,Home Office,2023-01-30,Tamil Nadu,South
C01201,Customer 1201,Bengaluru,Corporate,2023-09-06,Karnataka,South
C01202,Customer 1202,Bengaluru,Consumer,2022-09-16,Karnataka,South
C01203,Customer 1203,Hyderabad,Consumer,2022-08-27,Telangana,South
C01204,Customer 1204,Chennai,Corporate,2022-04-28,Tamil Nadu,South
C01205,Customer 1205,Mumbai,Corporate,2022-01-04,Maharashtra,West
C01206,Customer 1206,Mumbai,Consumer,2023-03-28,Maharashtra,West
C01207,Customer 1207,Bengaluru,Home Office,2024-06-07,Karnataka,South
C01208,Customer 1208,Lucknow,Consumer,2022-07-18,Uttar Pradesh,North
C01209,Customer 1209,Ahmedabad,Consumer,2023-02-01,Gujarat,West
C01210,Customer 1210,Delhi,Corporate,2024-04-21,Delhi,North
C01211,Customer 1211,Hyderabad,Home Office,2023-11-27,Telangana,South
C01212,Customer 1212,Hyderabad,Consumer,2022-01-04,Telangana,South
C01213,Customer 1213,Bengaluru,Consumer,2023-03-27,Karnataka,South
C01214,Customer 1214,Delhi,Consumer,2022-05-09,Delhi,North
C01215,Customer 1215,Ahmedabad,Home Office,2022-08-11,Gujarat,West
C01216,Customer 1216,Chandigarh,Consumer,2022-08-10,Chandigarh,North
C01217,Customer 1217,Delhi,Consumer,2023-07-06,Delhi,North
C01218,Customer 1218,Bengaluru,Home Office,2022-06-29,Karnataka,South
C01219,Customer 1219,Chennai,Consumer,2022-08-15,Tamil Nadu,South
C01220,Customer 1220,Mumbai,Consumer,2022-07-23,Maharashtra,West
C01221,Customer 1221,MUMBAI ,Consumer,2022-11-18,Maharashtra,West
C01222,Customer 1222,Pune,Corporate,2023-08-14,Maharashtra,West
C01223,Customer 1223,Kolkata,Consumer,2022-12-26,West Bengal,East
C01224,Customer 1224,Bengaluru,Consumer,2022-10-22,Karnataka,South
C01225,Customer 1225,Pune,Consumer,2023-04-11,Maharashtra,West
C01226,Customer 1226,Kolkata,Corporate,2023-07-08,West Bengal,East
C01227,Customer 1227,Jaipur,Corporate,2022-01-14,Rajasthan,North
C01228,Customer 1228,Lucknow,Consumer,2024-03-12,Uttar Pradesh,North
C01229,Customer 1229,Bhubaneswar,Consumer,2024-04-04,Odisha,East
C01230,Customer 1230,Mumbai,Home Office,2023-06-27,Maharashtra,West
C01231,Customer 1231,Pune,Consumer,2023-06-02,Maharashtra,West
C01232,Customer 1232,Bengaluru,Consumer,2023-09-18,Karnataka,South
C01233,Customer 1233,Pune,Consumer,2023-02-01,Maharashtra,West
C01234,Customer 1234,Chennai,Consumer,2022-11-25,Tamil Nadu,South
C01235,Customer 1235,Pune,Consumer,2022-11-14,Maharashtra,West
C01236,Customer 1236,Mumbai,Consumer,2022-05-24,Maharashtra,West
C01237,Customer 1237,PUNE ,Consumer,2024-01-28,Maharashtra,West
C01238,Customer 1238,Delhi,Consumer,2022-10-16,Delhi,North
C01239,Customer 1239,Pune,Corporate,2022-09-13,Maharashtra,West
C01240,Customer 1240,Mumbai,Consumer,2024-05-17,Maharashtra,West
C01241,Customer 1241,Kolkata,Consumer,2023-04-02,West Bengal,East
C01242,Customer 1242,Delhi,Corporate,2023-07-14,Delhi,North
C01243,Customer 1243,Delhi,Consumer,2022-08-09,Delhi,North
C01244,Customer 1244,Mumbai,Corporate,2022-09-07,Maharashtra,West
C01245,Customer 1245,Delhi,Consumer,2023-10-18,Delhi,North
C01246,Customer 1246,Ahmedabad,Corporate,2023-02-10,Gujarat,West
C01247,Customer 1247,Bengaluru,Consumer,2022-05-13,Karnataka,South
C01248,Customer 1248,Pune,Consumer,2024-01-22,Maharashtra,West
C01249,Customer 1249,Kolkata,Consumer,2022-12-29,West Bengal,East
C01250,Customer 1250,Bhubaneswar,Consumer,2023-08-25,Odisha,East
C01251,Customer 1251,Mumbai,Consumer,2022-11-04,Maharashtra,West
C01252,Customer 1252,Mumbai,Corporate,2023-05-20,Maharashtra,West
C01253,Customer 1253,MUMBAI ,Corporate,2023-11-30,Maharashtra,West
C01254,Customer 1254,Bengaluru,Consumer,2024-03-07,Karnataka,South
C01255,Customer 1255,Mumbai,Home Office,2022-07-06,Maharashtra,West
C01256,Customer 1256,Kochi,Corporate,2023-08-29,Kerala,South
C01257,Customer 1257,Hyderabad,Home Office,2024-04-03,Telangana,South
C01258,Customer 1258,Hyderabad,Corporate,2023-08-02,Telangana,South
C01259,Customer 1259,Chandigarh,Corporate,2022-05-09,Chandigarh,North
C01260,Customer 1260,Patna,Consumer,2022-06-20,Bihar,East
C01261,Customer 1261,Mumbai,Corporate,2022-07-02,Maharashtra,West
C01262,Customer 1262,Delhi,Home Office,2022-04-06,Delhi,North
C01263,Customer 1263,Delhi,Consumer,2023-11-10,Delhi,North
C01264,Customer 1264,Bhubaneswar,Consumer,2024-05-18,Odisha,East
C01265,Customer 1265,Bengaluru,Consumer,2023-04-11,Karnataka,South
C01266,Customer 1266,Hyderabad,Home Office,2023-06-23,Telangana,South
C01267,Customer 1267,Pune,Consumer,2023-11-28,Maharashtra,West
C01268,Customer 1268,Patna,Corporate,2023-01-10,Bihar,East
C01269,Customer 1269,Lucknow,Corporate,2023-03-02,Uttar Pradesh,North
C01270,Customer 1270,LUCKNOW ,Home Office,2023-06-15,Uttar Pradesh,North
C01271,Customer 1271,Patna,Consumer,2022-10-02,Bihar,East
C01272,Customer 1272,Delhi,Corporate,2022-02-25,Delhi,North
C01273,Customer 1273,Delhi,Home Office,2023-05-26,Delhi,North
C01274,Customer 1274,Bengaluru,Consumer,2024-01-10,Karnataka,South
C01275,Customer 1275,Mumbai,Corporate,2022-03-07,Maharashtra,West
C01276,Customer 1276,Delhi,Consumer,2022-07-14,Delhi,North
C01277,Customer 1277,Pune,Corporate,2022-08-25,Maharashtra,West
C01278,Customer 1278,Mumbai,Consumer,2023-12-26,Maharashtra,West
C01279,Customer 1279,Kolkata,Consumer,2023-03-31,West Bengal,East
C01280,Customer 1280,Bengaluru,Consumer,2023-04-26,Karnataka,South
C01281,Customer 1281,Delhi,Consumer,2023-08-04,Delhi,North
C01282,Customer 1282,Delhi,Consumer,2022-09-06,Delhi,North
C01283,Customer 1283,Jaipur,Corporate,2023-10-05,Rajasthan,North
C01284,Customer 1284,Bengaluru,Consumer,2022-01-28,Karnataka,South
C01285,Customer 1285,Bhubaneswar,Consumer,2022-04-13,Odisha,East
C01286,Customer 1286,Bhubaneswar,Corporate,2024-01-05,Odisha,East
C01287,Customer 1287,Delhi,Corporate,2023-08-16,Delhi,North
C01288,Customer 1288,Delhi,Consumer,2022-06-08,Delhi,North
C01289,Customer 1289,Jaipur,Home Office,2023-01-30,Rajasthan,North
C01290,Customer 1290,Bengaluru,Consumer,2022-02-16,Karnataka,South
C01291,Customer 1291,Jaipur,Corporate,2023-08-28,Rajasthan,North
C01292,Customer 1292,Bengaluru,Consumer,2023-11-12,Karnataka,South
C01293,Customer 1293,Bengaluru,Corporate,2022-09-08,Karnataka,South
C01294,Customer 1294,Delhi,Home Office,2022-11-12,Delhi,North
C01295,Customer 1295,Delhi,Corporate,2022-08-02,Delhi,North
C01296,Customer 1296,Delhi,Consumer,2022-12-17,Delhi,North
C01297,Customer 1297,Mumbai,Corporate,2022-09-03,Maharashtra,West
C01298,Customer 1298,Pune,Consumer,2022-08-11,Maharashtra,West
C01299,Customer 1299,Chennai,Corporate,2023-01-23,Tamil Nadu,South
C01300,Customer 1300,DELHI ,Corporate,2024-02-13,Delhi,North
C01301,Customer 1301,Pune,Home Office,2023-11-18,Maharashtra,West
C01302,Customer 1302,Bengaluru,Consumer,2022-09-25,Karnataka,South
C01303,Customer 1303,Hyderabad,Consumer,2024-04-28,Telangana,South
C01304,Customer 1304,Ahmedabad,Consumer,2022-07-09,Gujarat,West
C01305,Customer 1305,Hyderabad,Consumer,2024-03-30,Telangana,South
C01306,Customer 1306,Bhubaneswar,Consumer,2022-10-06,Odisha,East
C01307,Customer 1307,Bengaluru,Consumer,2023-05-02,Karnataka,South
C01308,Customer 1308,Chennai,Corporate,2022-07-02,Tamil Nadu,South
C01309,Customer 1309,Mumbai,Consumer,2023-11-17,Maharashtra,West
C01310,Customer 1310,Bhubaneswar,Consumer,2022-10-13,Odisha,East
C01311,Customer 1311,Delhi,Consumer,2024-02-25,Delhi,North
C01312,Customer 1312,Bhubaneswar,Home Office,2022-03-16,Odisha,East
C01313,Customer 1313,Bengaluru,Corporate,2023-03-28,Karnataka,South
C01314,Customer 1314,MUMBAI ,Consumer,2022-05-23,Maharashtra,West
C01315,Customer 1315,Mumbai,Consumer,2024-03-11,Maharashtra,West
C01316,Customer 1316,Chennai,Consumer,2023-01-11,Tamil Nadu,South
C01317,Customer 1317,Bengaluru,Consumer,2023-08-31,Karnataka,South
C01318,Customer 1318,Mumbai,Consumer,2024-03-02,Maharashtra,West
C01319,Customer 1319,Hyderabad,Consumer,2023-04-28,Telangana,South
C01320,Customer 1320,Kochi,Home Office,2022-02-21,Kerala,South
C01321,Customer 1321,Lucknow,Consumer,2022-07-18,Uttar Pradesh,North
C01322,Customer 1322,Jaipur,Corporate,2022-07-11,Rajasthan,North
C01323,Customer 1323,Mumbai,Consumer,2024-04-02,Maharashtra,West
C01324,Customer 1324,Hyderabad,Home Office,2024-03-28,Telangana,South
C01325,Customer 1325,Delhi,Home Office,2023-03-06,Delhi,North
C01326,Customer 1326,Kolkata,Corporate,2024-03-12,West Bengal,East
C01327,Customer 1327,Delhi,Consumer,2022-08-10,Delhi,North
C01328,Customer 1328,Bengaluru,Consumer,2023-09-04,Karnataka,South
C01329,Customer 1329,Ahmedabad,Corporate,2022-12-19,Gujarat,West
C01330,Customer 1330,Pune,Corporate,2022-08-05,Maharashtra,West
C01331,Customer 1331,HYDERABAD ,Consumer,2022-08-14,Telangana,South
C01332,Customer 1332,Lucknow,Consumer,2023-01-13,Uttar Pradesh,North
C01333,Customer 1333,Chandigarh,Consumer,2022-11-02,Chandigarh,North
C01334,Customer 1334,Patna,Corporate,2022-07-10,Bihar,East
C01335,Customer 1335,Patna,Corporate,2022-10-28,Bihar,East
C01336,Customer 1336,Kochi,Corporate,2022-04-26,Kerala,South
C01337,Customer 1337,Pune,Corporate,2024-05-22,Maharashtra,West
C01338,Customer 1338,Bengaluru,Consumer,2022-12-08,Karnataka,South
C01339,Customer 1339,Kolkata,Consumer,2022-04-07,West Bengal,East
C01340,Customer 1340,Delhi,Consumer,2023-06-03,Delhi,North
C01341,Customer 1341,Mumbai,Corporate,2024-03-05,Maharashtra,West
C01342,Customer 1342,Hyderabad,Consumer,2022-11-20,Telangana,South
C01343,Customer 1343,Lucknow,Consumer,2024-01-31,Uttar Pradesh,North
C01344,Customer 1344,Bengaluru,Consumer,2023-07-04,Karnataka,South
C01345,Customer 1345,Patna,Consumer,2023-10-28,Bihar,East
C01346,Customer 1346,Bengaluru,Consumer,2022-09-24,Karnataka,South
C01347,Customer 1347,Delhi,Consumer,2022-02-03,Delhi,North
C01348,Customer 1348,Delhi,Consumer,2022-11-08,Delhi,North
C01349,Customer 1349,Delhi,Corporate,2024-04-12,Delhi,North
C01350,Customer 1350,Mumbai,Consumer,2023-12-13,Maharashtra,West
C01351,Customer 1351,Hyderabad,Consumer,2023-12-07,Telangana,South
C01352,Customer 1352,KOCHI ,Consumer,2024-03-01,Kerala,South
C01353,Customer 1353,Ahmedabad,Corporate,2022-12-02,Gujarat,West
C01354,Customer 1354,Ahmedabad,Consumer,2022-10-17,Gujarat,West
C01355,Customer 1355,Kolkata,Corporate,2024-04-12,West Bengal,East
C01356,Customer 1356,Mumbai,Home Office,2023-05-30,Maharashtra,West
C01357,Customer 1357,Chandigarh,Corporate,2022-09-26,Chandigarh,North
C01358,Customer 1358,Jaipur,Consumer,2022-09-08,Rajasthan,North
C01359,Customer 1359,Chennai,Corporate,2024-02-29,Tamil Nadu,South
C01360,Customer 1360,Pune,Consumer,2022-02-18,Maharashtra,West
C01361,Customer 1361,Chennai,Consumer,2022-02-25,Tamil Nadu,South
C01362,Customer 1362,Delhi,Consumer,2023-10-27,Delhi,North
C01363,Customer 1363,Bengaluru,Consumer,2022-01-02,Karnataka,South
C01364,Customer 1364,Mumbai,Consumer,2022-06-03,Maharashtra,West
C01365,Customer 1365,Jaipur,Consumer,2024-06-10,Rajasthan,North
C01366,Customer 1366,Chandigarh,Consumer,2023-01-19,Chandigarh,North
C01367,Customer 1367,Pune,Consumer,2023-10-17,Maharashtra,West
C01368,Customer 1368,Mumbai,Consumer,2023-03-15,Maharashtra,West
C01369,Customer 1369,PUNE ,Home Office,2022-03-23,Maharashtra,West
C01370,Customer 1370,Delhi,Consumer,2022-06-16,Delhi,North
C01371,Customer 1371,Mumbai,Corporate,2023-11-16,Maharashtra,West
C01372,Customer 1372,BHUBANESWAR ,Consumer,2022-03-27,Odisha,East
C01373,Customer 1373,Delhi,Consumer,2023-06-20,Delhi,North
C01374,Customer 1374,Hyderabad,Consumer,2022-11-10,Telangana,South
C01375,Customer 1375,Patna,Consumer,2022-11-30,Bihar,East
C01376,Customer 1376,Mumbai,Consumer,2024-05-07,Maharashtra,West
C01377,Customer 1377,Bengaluru,Consumer,2023-06-30,Karnataka,South
C01378,Customer 1378,Kolkata,Consumer,2023-07-08,West Bengal,East
C01379,Customer 1379,Bengaluru,Consumer,2022-11-12,Karnataka,South
C01380,Customer 1380,Delhi,Consumer,2022-12-10,Delhi,North
C01381,Customer 1381,Jaipur,Consumer,2023-09-10,Rajasthan,North
C01382,Customer 1382,MUMBAI ,Consumer,2022-02-05,Maharashtra,West
C01383,Customer 1383,Chandigarh,Consumer,2022-08-02,Chandigarh,North
C01384,Customer 1384,Patna,Consumer,2023-06-25,Bihar,East
C01385,Customer 1385,Patna,Consumer,2023-07-16,Bihar,East
C01386,Customer 1386,Mumbai,Consumer,2022-03-25,Maharashtra,West
C01387,Customer 1387,Chennai,Consumer,2023-12-11,Tamil Nadu,South
C01388,Customer 1388,Ahmedabad,Home Office,2023-05-04,Gujarat,West
C01389,Customer 1389,Kolkata,Consumer,2022-08-02,West Bengal,East
C01390,Customer 1390,Mumbai,Consumer,2023-11-08,Maharashtra,West
C01391,Customer 1391,Bhubaneswar,Consumer,2024-06-10,Odisha,East
C01392,Customer 1392,Kochi,Home Office,2023-01-17,Kerala,South
C01393,Customer 1393,Mumbai,Corporate,2022-09-13,Maharashtra,West
C01394,Customer 1394,Mumbai,Corporate,2022-09-27,Maharashtra,West
C01395,Customer 1395,Kochi,Home Office,2023-06-18,Kerala,South
C01396,Customer 1396,Pune,Consumer,2022-02-12,Maharashtra,West
C01397,Customer 1397,CHANDIGARH ,Home Office,2023-03-12,Chandigarh,North
C01398,Customer 1398,Kolkata,Consumer,2022-01-23,West Bengal,East
C01399,Customer 1399,Bengaluru,Corporate,2022-02-04,Karnataka,South
C01400,Customer 1400,Delhi,Consumer,2023-01-23,Delhi,North
C01401,Customer 1401,Jaipur,Consumer,2023-11-02,Rajasthan,North
C01402,Customer 1402,Mumbai,Home Office,2024-03-06,Maharashtra,West
C01403,Customer 1403,Patna,Consumer,2022-03-20,Bihar,East
C01404,Customer 1404,Delhi,Home Office,2022-08-08,Delhi,North
C01405,Customer 1405,Pune,Consumer,2023-01-15,Maharashtra,West
C01406,Customer 1406,Ahmedabad,Corporate,2023-06-01,Gujarat,West
C01407,Customer 1407,Patna,Home Office,2024-06-07,Bihar,East
C01408,Customer 1408,Mumbai,Consumer,2023-09-08,Maharashtra,West
C01409,Customer 1409,Kolkata,Home Office,2023-04-30,West Bengal,East
C01410,Customer 1410,Chennai,Consumer,2022-02-24,Tamil Nadu,South
C01411,Customer 1411,Kochi,Corporate,2022-03-14,Kerala,South
C01412,Customer 1412,Patna,Consumer,2022-05-18,Bihar,East
C01413,Customer 1413,Kochi,Consumer,2023-08-18,Kerala,South
C01414,Customer 1414,Bhubaneswar,Corporate,2022-10-26,Odisha,East
C01415,Customer 1415,Mumbai,Consumer,2022-08-05,Maharashtra,West
C01416,Customer 1416,Hyderabad,Consumer,2023-08-27,Telangana,South
C01417,Customer 1417,Bengaluru,Consumer,2024-01-04,Karnataka,South
C01418,Customer 1418,Bengaluru,Home Office,2023-01-31,Karnataka,South
C01419,Customer 1419,Kolkata,Consumer,2024-03-04,West Bengal,East
C01420,Customer 1420,Patna,Corporate,2023-10-23,Bihar,East
C01421,Customer 1421,Chennai,Home Office,2023-10-07,Tamil Nadu,South
C01422,Customer 1422,Lucknow,Consumer,2024-02-20,Uttar Pradesh,North
C01423,Customer 1423,JAIPUR ,Consumer,2022-06-15,Rajasthan,North
C01424,Customer 1424,Delhi,Corporate,2023-11-14,Delhi,North
C01425,Customer 1425,Delhi,Consumer,2024-05-11,Delhi,North
C01426,Customer 1426,DELHI ,Consumer,2024-06-12,Delhi,North
C01427,Customer 1427,Mumbai,Corporate,2023-06-05,Maharashtra,West
C01428,Customer 1428,MUMBAI ,Consumer,2023-11-10,Maharashtra,West
C01429,Customer 1429,Hyderabad,Consumer,2024-03-10,Telangana,South
C01430,Customer 1430,Jaipur,Corporate,2024-02-06,Rajasthan,North
C01431,Customer 1431,Bhubaneswar,Consumer,2024-03-19,Odisha,East
C01432,Customer 1432,Bengaluru,Consumer,2024-01-20,Karnataka,South
C01433,Customer 1433,MUMBAI ,Consumer,2022-12-10,Maharashtra,West
C01434,Customer 1434,Pune,Home Office,2023-10-20,Maharashtra,West
C01435,Customer 1435,Pune,Corporate,2023-01-05,Maharashtra,West
C01436,Customer 1436,Patna,Consumer,2023-12-23,Bihar,East
C01437,Customer 1437,Pune,Consumer,2023-12-31,Maharashtra,West
C01438,Customer 1438,Chandigarh,Consumer,2024-04-21,Chandigarh,North
C01439,Customer 1439,BHUBANESWAR ,Consumer,2023-06-14,Odisha,East
C01440,Customer 1440,Patna,Consumer,2023-03-04,Bihar,East
C01441,Customer 1441,Nashik,Home Office,2022-05-29,Maharashtra,West
C01442,Customer 1442,Mumbai,Consumer,2023-07-29,Maharashtra,West
C01443,Customer 1443,Pune,Corporate,2023-05-25,Maharashtra,West
C01444,Customer 1444,Mumbai,Consumer,2023-04-09,Maharashtra,West
C01445,Customer 1445,Pune,Consumer,2023-09-01,Maharashtra,West
C01446,Customer 1446,Bengaluru,Consumer,2024-02-05,Karnataka,South
C01447,Customer 1447,Kolkata,Consumer,2022-05-14,West Bengal,East
C01448,Customer 1448,Chandigarh,Corporate,2023-01-24,Chandigarh,North
C01449,Customer 1449,Bengaluru,Home Office,2023-10-13,Karnataka,South
C01450,Customer 1450,Pune,Home Office,2024-01-08,Maharashtra,West
C01451,Customer 1451,Hyderabad,Consumer,2023-12-02,Telangana,South
C01452,Customer 1452,Bengaluru,Corporate,2023-12-21,Karnataka,South
C01453,Customer 1453,Kolkata,Consumer,2024-02-09,West Bengal,East
C01454,Customer 1454,Bhubaneswar,Home Office,2024-05-15,Odisha,East
C01455,Customer 1455,Delhi,Consumer,2023-07-02,Delhi,North
C01456,Customer 1456,Mumbai,Consumer,2022-08-13,Maharashtra,West
C01457,Customer 1457,Nashik,Consumer,2023-05-23,Maharashtra,West
C01458,Customer 1458,Jaipur,Consumer,2023-10-01,Rajasthan,North
C01459,Customer 1459,Bhubaneswar,Consumer,2022-04-01,Odisha,East
C01460,Customer 1460,Delhi,Home Office,2023-11-13,Delhi,North
C01461,Customer 1461,Hyderabad,Corporate,2023-05-05,Telangana,South
C01462,Customer 1462,Bengaluru,Home Office,2024-04-22,Karnataka,South
C01463,Customer 1463,Pune,Consumer,2022-07-10,Maharashtra,West
C01464,Customer 1464,DELHI ,Consumer,2024-03-27,Delhi,North
C01465,Customer 1465,Bengaluru,Consumer,2023-02-08,Karnataka,South
C01466,Customer 1466,Chennai,Consumer,2023-06-01,Tamil Nadu,South
C01467,Customer 1467,Jaipur,Consumer,2023-08-18,Rajasthan,North
C01468,Customer 1468,Nashik,Consumer,2023-06-06,Maharashtra,West
C01469,Customer 1469,Chennai,Consumer,2024-03-24,Tamil Nadu,South
C01470,Customer 1470,Pune,Consumer,2022-05-31,Maharashtra,West
C01471,Customer 1471,Bhubaneswar,Consumer,2023-10-19,Odisha,East
C01472,Customer 1472,Pune,Corporate,2024-05-27,Maharashtra,West
C01473,Customer 1473,Mumbai,Consumer,2022-07-18,Maharashtra,West
C01474,Customer 1474,Lucknow,Home Office,2022-08-18,Uttar Pradesh,North
C01475,Customer 1475,CHANDIGARH ,Consumer,2023-03-04,Chandigarh,North
C01476,Customer 1476,Lucknow,Corporate,2023-10-15,Uttar Pradesh,North
C01477,Customer 1477,JAIPUR ,Corporate,2024-05-13,Rajasthan,North
C01478,Customer 1478,Patna,Corporate,2023-12-18,Bihar,East
C01479,Customer 1479,Lucknow,Corporate,2023-12-16,Uttar Pradesh,North
C01480,Customer 1480,Lucknow,Home Office,2023-02-02,Uttar Pradesh,North
C01481,Customer 1481,Delhi,Corporate,2023-08-04,Delhi,North
C01482,Customer 1482,Mumbai,Consumer,2022-07-10,Maharashtra,West
C01483,Customer 1483,Bengaluru,Consumer,2023-02-21,Karnataka,South
C01484,Customer 1484,Nashik,Corporate,2022-06-20,Maharashtra,West
C01485,Customer 1485,Bengaluru,Consumer,2022-01-25,Karnataka,South
C01486,Customer 1486,Mumbai,Consumer,2024-02-10,Maharashtra,West
C01487,Customer 1487,Patna,Consumer,2023-12-26,Bihar,East
C01488,Customer 1488,Jaipur,Consumer,2023-04-05,Rajasthan,North
C01489,Customer 1489,Kolkata,Consumer,2022-01-14,West Bengal,East
C01490,Customer 1490,Lucknow,Corporate,2022-03-23,Uttar Pradesh,North
C01491,Customer 1491,Mumbai,Corporate,2022-04-11,Maharashtra,West
C01492,Customer 1492,Hyderabad,Corporate,2023-10-08,Telangana,South
C01493,Customer 1493,Bengaluru,Consumer,2022-07-03,Karnataka,South
C01494,Customer 1494,Hyderabad,Consumer,2022-08-14,Telangana,South
C01495,Customer 1495,DELHI ,Consumer,2024-02-14,Delhi,North
C01496,Customer 1496,Bengaluru,Consumer,2024-02-28,Karnataka,South
C01497,Customer 1497,Kochi,Corporate,2023-11-18,Kerala,South
C01498,Customer 1498,Bengaluru,Consumer,2022-10-06,Karnataka,South
C01499,Customer 1499,Delhi,Home Office,2023-06-06,Delhi,North
C01500,Customer 1500,Chennai,Consumer,2022-06-30,Tamil Nadu,South
